musteri_id,persona,gizli_kapasite,temerrut_olasiligi_gercek,temerrut
1,klasik_maasli,-0.2539,0.0726,0
2,stajyer_degisken_gelir,-0.5133,0.2696,0
3,ogrenci_yuksek_hacim,1.6787,0.0011,0
4,stajyer_degisken_gelir,2.0379,0.0009,0
5,stajyer_degisken_gelir,1.4612,0.0017,0
6,klasik_maasli,-0.2876,0.2024,0
7,klasik_maasli,0.7891,0.0073,0
8,stajyer_degisken_gelir,0.7609,0.0063,0
9,klasik_maasli,-1.2491,0.5362,0
10,dusuk_hacim_riskli,0.4205,0.0134,0
11,klasik_maasli,-0.4383,0.1924,0
12,klasik_maasli,0.3754,0.0406,0
13,stajyer_degisken_gelir,0.2575,0.0296,0
14,dusuk_hacim_riskli,1.0125,0.0063,1
15,ogrenci_yuksek_hacim,0.1893,0.0752,0
16,stajyer_degisken_gelir,0.1127,0.0228,0
17,ogrenci_yuksek_hacim,0.679,0.0129,0
18,ogrenci_yuksek_hacim,0.2315,0.0394,0
19,klasik_maasli,-1.1954,0.671,1
20,ogrenci_yuksek_hacim,0.4897,0.0148,0
21,ogrenci_yuksek_hacim,0.6471,0.0072,0
22,ogrenci_yuksek_hacim,-0.3542,0.1266,0
23,ogrenci_yuksek_hacim,0.8463,0.0109,0
24,ogrenci_yuksek_hacim,-0.3221,0.1685,0
25,klasik_maasli,-0.6131,0.1353,0
26,ogrenci_yuksek_hacim,0.7144,0.0196,0
27,stajyer_degisken_gelir,1.6381,0.0017,0
28,ogrenci_yuksek_hacim,-0.3826,0.2043,0
29,stajyer_degisken_gelir,-1.4983,0.9138,1
30,klasik_maasli,-0.4806,0.1367,0
31,ogrenci_yuksek_hacim,-0.9567,0.3727,0
32,dusuk_hacim_riskli,0.5749,0.0221,0
33,ogrenci_yuksek_hacim,1.3532,0.0025,0
34,stajyer_degisken_gelir,-0.8061,0.2618,0
35,ogrenci_yuksek_hacim,-0.6635,0.2673,0
36,dusuk_hacim_riskli,0.1779,0.0205,0
37,stajyer_degisken_gelir,0.89,0.0034,0
38,stajyer_degisken_gelir,0.1781,0.0248,0
39,ogrenci_yuksek_hacim,-1.2995,0.5642,0
40,ogrenci_yuksek_hacim,-1.4254,0.7933,1
41,klasik_maasli,-0.8764,0.3703,0
42,klasik_maasli,0.8797,0.0071,0
43,dusuk_hacim_riskli,1.1873,0.0022,0
44,ogrenci_yuksek_hacim,-1.069,0.4435,1
45,stajyer_degisken_gelir,0.5884,0.0122,0
46,klasik_maasli,-1.5504,0.8739,1
47,ogrenci_yuksek_hacim,1.6786,0.0019,0
48,stajyer_degisken_gelir,-0.3604,0.082,0
49,klasik_maasli,-0.8824,0.2731,0
50,ogrenci_yuksek_hacim,0.4089,0.0167,0
51,stajyer_degisken_gelir,0.4749,0.0138,0
52,klasik_maasli,-0.8497,0.2935,0
53,stajyer_degisken_gelir,1.0491,0.0055,0
54,stajyer_degisken_gelir,-0.9352,0.4266,0
55,klasik_maasli,-0.0696,0.1353,0
56,stajyer_degisken_gelir,0.3428,0.0315,0
57,klasik_maasli,1.0787,0.0043,0
58,ogrenci_yuksek_hacim,-0.8496,0.4073,0
59,stajyer_degisken_gelir,-0.358,0.1671,0
60,ogrenci_yuksek_hacim,1.0079,0.0037,0
61,klasik_maasli,2.1264,0.0005,0
62,dusuk_hacim_riskli,-1.3233,0.5139,0
63,klasik_maasli,-0.7519,0.24,1
64,klasik_maasli,0.7069,0.0125,0
65,dusuk_hacim_riskli,-0.0784,0.0605,0
66,stajyer_degisken_gelir,-0.2218,0.0906,0
67,stajyer_degisken_gelir,-0.9651,0.2758,0
68,klasik_maasli,0.4,0.0319,0
69,klasik_maasli,-2.2574,0.9649,1
70,ogrenci_yuksek_hacim,-1.5258,0.7642,0
71,klasik_maasli,0.8863,0.0031,0
72,stajyer_degisken_gelir,-0.1606,0.0543,0
73,ogrenci_yuksek_hacim,0.2352,0.0425,0
74,stajyer_degisken_gelir,0.5719,0.0165,0
75,klasik_maasli,0.5023,0.0073,0
76,dusuk_hacim_riskli,-1.5565,0.7794,1
77,dusuk_hacim_riskli,0.1948,0.0233,0
78,stajyer_degisken_gelir,0.6071,0.0296,0
79,ogrenci_yuksek_hacim,-0.3567,0.1496,0
80,stajyer_degisken_gelir,0.0427,0.0228,0
81,klasik_maasli,1.0354,0.0051,0
82,stajyer_degisken_gelir,-0.7249,0.1688,0
83,klasik_maasli,-0.7729,0.2106,0
84,dusuk_hacim_riskli,0.4768,0.0225,0
85,ogrenci_yuksek_hacim,-0.8648,0.2584,0
86,stajyer_degisken_gelir,0.0848,0.0516,0
87,klasik_maasli,0.275,0.0176,0
88,klasik_maasli,0.0697,0.0407,0
89,klasik_maasli,-1.1114,0.5118,0
90,ogrenci_yuksek_hacim,-1.9889,0.9236,0
91,dusuk_hacim_riskli,2.2305,0.0003,0
92,klasik_maasli,-0.4619,0.2304,0
93,klasik_maasli,0.2955,0.0218,0
94,ogrenci_yuksek_hacim,0.4075,0.0174,0
95,dusuk_hacim_riskli,-2.3816,0.9419,1
96,dusuk_hacim_riskli,0.2564,0.0838,0
97,dusuk_hacim_riskli,-0.2609,0.1114,0
98,ogrenci_yuksek_hacim,1.7533,0.0004,0
99,klasik_maasli,0.2219,0.0349,0
100,klasik_maasli,-0.2828,0.1484,0
101,dusuk_hacim_riskli,-1.2927,0.3799,1
102,ogrenci_yuksek_hacim,0.1008,0.0633,0
103,klasik_maasli,-1.4843,0.6344,1
104,klasik_maasli,-0.3195,0.2083,0
105,stajyer_degisken_gelir,-3.5099,0.9916,1
106,ogrenci_yuksek_hacim,-0.864,0.3473,0
107,klasik_maasli,-0.592,0.3188,0
108,stajyer_degisken_gelir,-1.2832,0.6416,1
109,klasik_maasli,-0.0923,0.0786,0
110,ogrenci_yuksek_hacim,-0.0763,0.0289,1
111,stajyer_degisken_gelir,-0.5367,0.1305,0
112,dusuk_hacim_riskli,0.762,0.0079,0
113,stajyer_degisken_gelir,0.0563,0.0723,0
114,ogrenci_yuksek_hacim,2.3581,0.0002,0
115,klasik_maasli,0.2896,0.0481,0
116,ogrenci_yuksek_hacim,-1.0386,0.3506,0
117,stajyer_degisken_gelir,0.2162,0.0295,0
118,stajyer_degisken_gelir,-2.1106,0.8756,1
119,ogrenci_yuksek_hacim,0.6527,0.031,0
120,ogrenci_yuksek_hacim,-0.9329,0.3257,0
121,ogrenci_yuksek_hacim,-0.9088,0.3627,0
122,stajyer_degisken_gelir,0.8092,0.01,0
123,dusuk_hacim_riskli,-0.7037,0.1461,1
124,ogrenci_yuksek_hacim,1.1098,0.0035,0
125,klasik_maasli,-0.7843,0.3208,0
126,stajyer_degisken_gelir,0.1093,0.0327,0
127,ogrenci_yuksek_hacim,1.97,0.0004,0
128,klasik_maasli,-0.2459,0.0694,0
129,ogrenci_yuksek_hacim,-0.0684,0.1262,0
130,ogrenci_yuksek_hacim,-0.4925,0.126,0
131,klasik_maasli,0.8738,0.0105,0
132,stajyer_degisken_gelir,-1.6107,0.5005,0
133,stajyer_degisken_gelir,-0.4176,0.2579,0
134,stajyer_degisken_gelir,-0.1482,0.0667,0
135,stajyer_degisken_gelir,-1.2349,0.5442,0
136,klasik_maasli,0.1151,0.0765,0
137,klasik_maasli,-0.2098,0.1195,1
138,ogrenci_yuksek_hacim,2.1022,0.0005,0
139,stajyer_degisken_gelir,0.4919,0.019,0
140,klasik_maasli,-0.1461,0.0651,0
141,stajyer_degisken_gelir,-1.1743,0.4845,1
142,dusuk_hacim_riskli,0.2479,0.0494,0
143,stajyer_degisken_gelir,-2.4514,0.9457,1
144,stajyer_degisken_gelir,-0.8105,0.3756,0
145,klasik_maasli,-0.3455,0.1843,0
146,stajyer_degisken_gelir,-0.3656,0.1,0
147,stajyer_degisken_gelir,0.2548,0.0174,0
148,ogrenci_yuksek_hacim,-1.6181,0.8252,1
149,klasik_maasli,-0.7306,0.3985,1
150,stajyer_degisken_gelir,-0.9599,0.5354,0
151,stajyer_degisken_gelir,-1.3044,0.6835,1
152,klasik_maasli,0.9269,0.0094,0
153,klasik_maasli,0.4194,0.0383,0
154,klasik_maasli,0.1264,0.0672,0
155,stajyer_degisken_gelir,0.1192,0.0539,0
156,ogrenci_yuksek_hacim,0.4923,0.052,1
157,klasik_maasli,-1.1578,0.1474,0
158,ogrenci_yuksek_hacim,-0.0321,0.0339,0
159,ogrenci_yuksek_hacim,-0.6583,0.1786,1
160,stajyer_degisken_gelir,1.2034,0.0085,0
161,klasik_maasli,-1.921,0.7679,0
162,dusuk_hacim_riskli,1.6654,0.0011,0
163,ogrenci_yuksek_hacim,-0.0121,0.0847,0
164,ogrenci_yuksek_hacim,-0.6527,0.3544,0
165,klasik_maasli,-0.1803,0.0787,0
166,ogrenci_yuksek_hacim,0.678,0.0131,0
167,klasik_maasli,1.486,0.0014,0
168,stajyer_degisken_gelir,-0.2459,0.1044,0
169,stajyer_degisken_gelir,-0.3261,0.0757,0
170,ogrenci_yuksek_hacim,0.9649,0.0149,0
171,ogrenci_yuksek_hacim,-0.9265,0.1177,0
172,stajyer_degisken_gelir,-0.236,0.1041,0
173,ogrenci_yuksek_hacim,-1.2179,0.522,0
174,ogrenci_yuksek_hacim,-0.8133,0.261,1
175,ogrenci_yuksek_hacim,-0.2527,0.089,0
176,klasik_maasli,-1.4628,0.6525,1
177,klasik_maasli,0.037,0.0679,1
178,klasik_maasli,1.7631,0.0012,0
179,klasik_maasli,1.0232,0.0034,0
180,klasik_maasli,-1.6357,0.6847,1
181,ogrenci_yuksek_hacim,-1.5735,0.5799,0
182,stajyer_degisken_gelir,2.039,0.0005,0
183,ogrenci_yuksek_hacim,1.8215,0.0005,0
184,dusuk_hacim_riskli,0.0525,0.0247,0
185,klasik_maasli,0.1411,0.0212,0
186,klasik_maasli,0.2471,0.0181,0
187,stajyer_degisken_gelir,-0.6754,0.3867,0
188,stajyer_degisken_gelir,0.0971,0.0614,0
189,dusuk_hacim_riskli,-0.195,0.1104,0
190,klasik_maasli,0.037,0.0756,0
191,ogrenci_yuksek_hacim,0.9595,0.0068,0
192,stajyer_degisken_gelir,-0.2933,0.1039,1
193,dusuk_hacim_riskli,-1.5576,0.6674,1
194,klasik_maasli,-0.0924,0.1378,0
195,klasik_maasli,-1.6135,0.6658,0
196,ogrenci_yuksek_hacim,-0.6678,0.2952,0
197,ogrenci_yuksek_hacim,-1.1664,0.616,1
198,klasik_maasli,-0.5137,0.1781,0
199,klasik_maasli,0.7964,0.0074,0
200,ogrenci_yuksek_hacim,0.1358,0.0547,0
201,klasik_maasli,-2.1823,0.9537,1
202,ogrenci_yuksek_hacim,0.5162,0.0262,0
203,ogrenci_yuksek_hacim,-0.0454,0.0751,0
204,klasik_maasli,-0.5218,0.1465,0
205,klasik_maasli,-0.5159,0.1281,0
206,ogrenci_yuksek_hacim,-0.5779,0.1764,0
207,ogrenci_yuksek_hacim,-0.3058,0.1987,1
208,stajyer_degisken_gelir,-1.2445,0.617,1
209,klasik_maasli,1.6527,0.0005,0
210,dusuk_hacim_riskli,0.5826,0.0202,0
211,stajyer_degisken_gelir,-0.3038,0.0999,0
212,ogrenci_yuksek_hacim,0.5922,0.0092,0
213,klasik_maasli,-1.2236,0.4656,1
214,ogrenci_yuksek_hacim,0.3289,0.0209,0
215,stajyer_degisken_gelir,-0.7551,0.3789,1
216,klasik_maasli,0.189,0.0288,0
217,klasik_maasli,-1.6434,0.8308,1
218,ogrenci_yuksek_hacim,-1.1057,0.4552,0
219,ogrenci_yuksek_hacim,-0.9239,0.5052,0
220,stajyer_degisken_gelir,0.077,0.0873,0
221,stajyer_degisken_gelir,-0.8775,0.4551,0
222,ogrenci_yuksek_hacim,-0.122,0.0494,0
223,stajyer_degisken_gelir,-0.5592,0.1928,0
224,dusuk_hacim_riskli,0.1496,0.0276,0
225,ogrenci_yuksek_hacim,0.3317,0.0254,0
226,klasik_maasli,-0.8751,0.2356,0
227,dusuk_hacim_riskli,0.4258,0.0144,0
228,ogrenci_yuksek_hacim,0.0926,0.0332,0
229,stajyer_degisken_gelir,0.5221,0.0135,0
230,klasik_maasli,0.2305,0.0298,0
231,stajyer_degisken_gelir,0.2533,0.0459,0
232,klasik_maasli,-1.633,0.8852,1
233,klasik_maasli,-0.1016,0.108,0
234,stajyer_degisken_gelir,-0.4202,0.1457,0
235,dusuk_hacim_riskli,0.015,0.0422,0
236,klasik_maasli,-0.0361,0.0635,0
237,klasik_maasli,1.4157,0.0022,0
238,ogrenci_yuksek_hacim,-0.0331,0.0874,0
239,stajyer_degisken_gelir,-0.3052,0.0837,0
240,stajyer_degisken_gelir,-1.1325,0.4646,0
241,klasik_maasli,-0.6094,0.1307,0
242,stajyer_degisken_gelir,-0.1165,0.0408,0
243,ogrenci_yuksek_hacim,-0.4701,0.2001,0
244,stajyer_degisken_gelir,0.3431,0.0196,0
245,ogrenci_yuksek_hacim,0.2939,0.0153,0
246,dusuk_hacim_riskli,1.9513,0.0005,0
247,dusuk_hacim_riskli,-0.0004,0.056,0
248,dusuk_hacim_riskli,-1.2336,0.3573,0
249,klasik_maasli,2.294,0.0004,0
250,dusuk_hacim_riskli,-0.6427,0.3032,0
251,klasik_maasli,3.4378,0.0,0
252,dusuk_hacim_riskli,0.2252,0.0349,0
253,dusuk_hacim_riskli,0.9731,0.0067,0
254,stajyer_degisken_gelir,0.2039,0.0171,0
255,dusuk_hacim_riskli,-1.6432,0.73,0
256,ogrenci_yuksek_hacim,0.1015,0.0779,0
257,ogrenci_yuksek_hacim,-0.4879,0.1741,1
258,klasik_maasli,-0.0289,0.0957,0
259,stajyer_degisken_gelir,0.0805,0.0783,0
260,klasik_maasli,-0.9327,0.3655,0
261,ogrenci_yuksek_hacim,1.1375,0.0069,0
262,klasik_maasli,-0.4974,0.1789,0
263,klasik_maasli,0.3263,0.0233,0
264,stajyer_degisken_gelir,-1.5454,0.4559,0
265,klasik_maasli,-0.1804,0.1101,1
266,ogrenci_yuksek_hacim,0.19,0.0275,0
267,stajyer_degisken_gelir,-1.2683,0.5415,0
268,dusuk_hacim_riskli,0.7544,0.0116,0
269,dusuk_hacim_riskli,-0.2675,0.2319,0
270,ogrenci_yuksek_hacim,-0.7151,0.2303,0
271,ogrenci_yuksek_hacim,-0.7661,0.2347,0
272,klasik_maasli,-1.5618,0.6079,1
273,stajyer_degisken_gelir,1.1628,0.0018,0
274,ogrenci_yuksek_hacim,-0.322,0.1722,0
275,ogrenci_yuksek_hacim,0.5123,0.0181,0
276,ogrenci_yuksek_hacim,-1.0173,0.2626,0
277,stajyer_degisken_gelir,-1.3318,0.6072,0
278,ogrenci_yuksek_hacim,-0.7707,0.5757,1
279,klasik_maasli,-1.536,0.4371,1
280,stajyer_degisken_gelir,-0.4893,0.1015,0
281,klasik_maasli,0.9414,0.0039,0
282,klasik_maasli,0.2475,0.0355,0
283,stajyer_degisken_gelir,-0.0251,0.0462,0
284,ogrenci_yuksek_hacim,-0.5907,0.1985,0
285,klasik_maasli,-0.5848,0.2758,1
286,klasik_maasli,-1.8717,0.7225,1
287,ogrenci_yuksek_hacim,-0.6092,0.2462,0
288,ogrenci_yuksek_hacim,-1.3668,0.7454,1
289,ogrenci_yuksek_hacim,-1.0493,0.2292,1
290,ogrenci_yuksek_hacim,-0.392,0.1224,0
291,klasik_maasli,-0.0208,0.0739,0
292,klasik_maasli,-0.0043,0.0243,0
293,klasik_maasli,-0.0397,0.1485,0
294,stajyer_degisken_gelir,-1.6636,0.7239,1
295,dusuk_hacim_riskli,0.191,0.0239,0
296,ogrenci_yuksek_hacim,2.4997,0.0001,0
297,ogrenci_yuksek_hacim,-0.8829,0.3983,1
298,ogrenci_yuksek_hacim,0.195,0.0184,0
299,ogrenci_yuksek_hacim,-2.0017,0.9185,1
300,dusuk_hacim_riskli,-0.6716,0.2445,0
301,stajyer_degisken_gelir,0.5688,0.0234,0
302,ogrenci_yuksek_hacim,-0.1723,0.1971,0
303,stajyer_degisken_gelir,0.2709,0.0295,0
304,dusuk_hacim_riskli,1.6358,0.0013,0
305,ogrenci_yuksek_hacim,-0.3178,0.1295,0
306,stajyer_degisken_gelir,0.8563,0.0065,0
307,stajyer_degisken_gelir,1.1098,0.0089,0
308,stajyer_degisken_gelir,0.337,0.0516,0
309,klasik_maasli,0.8952,0.003,0
310,klasik_maasli,1.7851,0.0021,0
311,ogrenci_yuksek_hacim,1.0885,0.0077,0
312,stajyer_degisken_gelir,1.6689,0.0011,0
313,stajyer_degisken_gelir,0.2175,0.0293,0
314,ogrenci_yuksek_hacim,1.909,0.0005,0
315,stajyer_degisken_gelir,1.2272,0.0041,0
316,dusuk_hacim_riskli,0.4287,0.0233,0
317,ogrenci_yuksek_hacim,-0.5818,0.1661,0
318,dusuk_hacim_riskli,0.8615,0.0052,0
319,stajyer_degisken_gelir,1.9281,0.0007,0
320,ogrenci_yuksek_hacim,0.3121,0.0331,0
321,klasik_maasli,0.0362,0.04,0
322,dusuk_hacim_riskli,0.521,0.0308,0
323,klasik_maasli,-1.0013,0.3326,0
324,ogrenci_yuksek_hacim,0.3526,0.0083,0
325,klasik_maasli,-0.5849,0.2093,0
326,dusuk_hacim_riskli,0.2071,0.049,0
327,klasik_maasli,-1.5033,0.7073,1
328,klasik_maasli,-2.2137,0.9248,1
329,dusuk_hacim_riskli,-1.6909,0.7142,0
330,klasik_maasli,-1.0559,0.3397,0
331,stajyer_degisken_gelir,0.0952,0.073,0
332,ogrenci_yuksek_hacim,0.2842,0.0743,0
333,stajyer_degisken_gelir,0.217,0.0325,0
334,stajyer_degisken_gelir,-0.7781,0.2346,0
335,ogrenci_yuksek_hacim,0.4794,0.038,0
336,dusuk_hacim_riskli,-0.2524,0.1253,0
337,stajyer_degisken_gelir,-1.5052,0.9009,1
338,stajyer_degisken_gelir,-0.109,0.142,0
339,klasik_maasli,0.5001,0.0185,0
340,klasik_maasli,0.3415,0.0396,0
341,ogrenci_yuksek_hacim,-1.1273,0.5801,1
342,dusuk_hacim_riskli,-0.3637,0.1174,0
343,stajyer_degisken_gelir,2.0764,0.0004,0
344,klasik_maasli,0.0256,0.0609,0
345,dusuk_hacim_riskli,0.2237,0.0278,0
346,klasik_maasli,0.3267,0.0289,0
347,dusuk_hacim_riskli,-0.1747,0.0978,0
348,stajyer_degisken_gelir,0.5582,0.0171,0
349,stajyer_degisken_gelir,0.0414,0.0519,0
350,klasik_maasli,-0.2128,0.1692,0
351,klasik_maasli,-0.0126,0.0912,0
352,stajyer_degisken_gelir,1.3816,0.0011,0
353,klasik_maasli,0.4791,0.0116,0
354,stajyer_degisken_gelir,-0.6761,0.197,0
355,ogrenci_yuksek_hacim,-0.5481,0.1894,0
356,stajyer_degisken_gelir,-1.4843,0.6188,1
357,stajyer_degisken_gelir,-1.5639,0.8118,1
358,klasik_maasli,-0.4488,0.211,0
359,ogrenci_yuksek_hacim,-0.9331,0.3701,1
360,klasik_maasli,-0.3875,0.236,1
361,dusuk_hacim_riskli,1.1096,0.0023,0
362,klasik_maasli,-1.082,0.5424,0
363,klasik_maasli,-0.9289,0.3534,0
364,dusuk_hacim_riskli,0.564,0.0171,0
365,stajyer_degisken_gelir,0.1938,0.0773,0
366,ogrenci_yuksek_hacim,-0.3245,0.1765,0
367,stajyer_degisken_gelir,-0.6478,0.3396,1
368,klasik_maasli,2.3009,0.0002,0
369,stajyer_degisken_gelir,0.7593,0.0086,0
370,ogrenci_yuksek_hacim,0.3625,0.0453,0
371,ogrenci_yuksek_hacim,0.4959,0.0212,0
372,klasik_maasli,-1.0339,0.3205,1
373,klasik_maasli,0.8373,0.0088,0
374,klasik_maasli,-0.6339,0.1835,0
375,stajyer_degisken_gelir,-0.169,0.1093,0
376,klasik_maasli,0.3618,0.0242,0
377,klasik_maasli,0.7642,0.0096,0
378,stajyer_degisken_gelir,0.094,0.0425,0
379,klasik_maasli,-0.1604,0.0903,0
380,dusuk_hacim_riskli,1.1214,0.0039,0
381,ogrenci_yuksek_hacim,1.254,0.0022,0
382,ogrenci_yuksek_hacim,-0.2708,0.0708,0
383,stajyer_degisken_gelir,1.8006,0.0013,0
384,dusuk_hacim_riskli,-0.3214,0.1516,0
385,ogrenci_yuksek_hacim,1.8837,0.0004,0
386,ogrenci_yuksek_hacim,-1.0147,0.3332,0
387,klasik_maasli,-0.0988,0.1411,0
388,dusuk_hacim_riskli,0.0918,0.0248,0
389,klasik_maasli,0.4653,0.0085,0
390,dusuk_hacim_riskli,-0.3622,0.1478,0
391,ogrenci_yuksek_hacim,0.1014,0.0349,0
392,klasik_maasli,1.7071,0.0023,0
393,stajyer_degisken_gelir,-0.2651,0.0946,0
394,stajyer_degisken_gelir,-0.9579,0.3113,1
395,stajyer_degisken_gelir,-0.8442,0.4777,0
396,ogrenci_yuksek_hacim,-0.8308,0.314,0
397,ogrenci_yuksek_hacim,1.1956,0.0047,0
398,ogrenci_yuksek_hacim,-2.1261,0.9406,1
399,ogrenci_yuksek_hacim,-0.2819,0.0845,0
400,klasik_maasli,-0.4085,0.1468,0
401,klasik_maasli,-0.8014,0.1355,0
402,stajyer_degisken_gelir,-0.5401,0.2508,1
403,stajyer_degisken_gelir,2.2534,0.0003,0
404,klasik_maasli,-1.3975,0.5124,0
405,ogrenci_yuksek_hacim,0.9516,0.003,0
406,dusuk_hacim_riskli,-1.8885,0.8029,1
407,ogrenci_yuksek_hacim,-1.2629,0.5042,0
408,klasik_maasli,-0.3943,0.0804,0
409,ogrenci_yuksek_hacim,-1.1022,0.285,0
410,klasik_maasli,1.22,0.0032,0
411,dusuk_hacim_riskli,-0.9662,0.2403,1
412,stajyer_degisken_gelir,0.7111,0.0133,0
413,ogrenci_yuksek_hacim,-1.5511,0.4185,0
414,stajyer_degisken_gelir,1.0354,0.002,0
415,klasik_maasli,0.9213,0.0016,0
416,ogrenci_yuksek_hacim,0.4704,0.0179,0
417,stajyer_degisken_gelir,0.7759,0.0113,0
418,ogrenci_yuksek_hacim,-0.1042,0.0929,0
419,stajyer_degisken_gelir,0.7687,0.0113,0
420,klasik_maasli,0.3062,0.0263,0
421,ogrenci_yuksek_hacim,1.7992,0.0006,0
422,klasik_maasli,-0.8114,0.3818,0
423,klasik_maasli,-0.0411,0.1338,0
424,ogrenci_yuksek_hacim,0.345,0.0139,0
425,ogrenci_yuksek_hacim,1.0888,0.0066,0
426,klasik_maasli,-1.5758,0.7243,1
427,klasik_maasli,1.3454,0.0048,0
428,dusuk_hacim_riskli,-1.8148,0.8374,1
429,klasik_maasli,-2.2805,0.9274,0
430,klasik_maasli,0.4538,0.0215,0
431,ogrenci_yuksek_hacim,0.748,0.0125,0
432,ogrenci_yuksek_hacim,0.2453,0.0203,0
433,stajyer_degisken_gelir,-0.7904,0.372,0
434,dusuk_hacim_riskli,-1.5658,0.611,1
435,ogrenci_yuksek_hacim,-0.1837,0.1355,0
436,ogrenci_yuksek_hacim,-2.1186,0.9276,1
437,stajyer_degisken_gelir,1.201,0.0061,0
438,ogrenci_yuksek_hacim,-0.0919,0.0448,0
439,ogrenci_yuksek_hacim,-0.3584,0.1148,0
440,stajyer_degisken_gelir,-1.4987,0.6034,0
441,klasik_maasli,0.2836,0.0232,0
442,ogrenci_yuksek_hacim,0.0108,0.0458,0
443,klasik_maasli,1.648,0.0009,0
444,stajyer_degisken_gelir,-0.4733,0.2599,0
445,stajyer_degisken_gelir,-2.0833,0.8802,1
446,ogrenci_yuksek_hacim,1.4737,0.0011,0
447,klasik_maasli,0.1971,0.0502,0
448,ogrenci_yuksek_hacim,-1.5813,0.6335,0
449,klasik_maasli,0.2005,0.0332,0
450,klasik_maasli,0.7943,0.0089,0
451,ogrenci_yuksek_hacim,1.3595,0.0024,0
452,klasik_maasli,0.5014,0.0352,1
453,stajyer_degisken_gelir,1.1536,0.0031,0
454,dusuk_hacim_riskli,-0.4379,0.0925,0
455,ogrenci_yuksek_hacim,-0.8291,0.3521,1
456,ogrenci_yuksek_hacim,1.4617,0.0039,0
457,klasik_maasli,2.1021,0.0003,0
458,dusuk_hacim_riskli,-1.2382,0.4723,1
459,stajyer_degisken_gelir,-1.4783,0.6157,0
460,ogrenci_yuksek_hacim,1.4352,0.0021,0
461,stajyer_degisken_gelir,-1.869,0.8214,0
462,klasik_maasli,-0.7746,0.1962,0
463,ogrenci_yuksek_hacim,2.1401,0.0004,0
464,stajyer_degisken_gelir,-0.4208,0.0459,0
465,stajyer_degisken_gelir,-1.4756,0.4282,0
466,klasik_maasli,1.1748,0.0138,0
467,ogrenci_yuksek_hacim,1.0386,0.0092,0
468,ogrenci_yuksek_hacim,1.5765,0.0016,0
469,stajyer_degisken_gelir,0.2386,0.0357,0
470,ogrenci_yuksek_hacim,0.3432,0.0192,0
471,dusuk_hacim_riskli,1.3374,0.0021,0
472,stajyer_degisken_gelir,0.5992,0.021,0
473,klasik_maasli,0.0605,0.0621,0
474,ogrenci_yuksek_hacim,0.5605,0.021,0
475,dusuk_hacim_riskli,-1.2456,0.4473,1
476,stajyer_degisken_gelir,-0.135,0.088,0
477,stajyer_degisken_gelir,0.8509,0.0078,0
478,klasik_maasli,-1.0808,0.2383,0
479,stajyer_degisken_gelir,-0.3093,0.0949,0
480,stajyer_degisken_gelir,0.3815,0.0097,0
481,stajyer_degisken_gelir,0.8645,0.0086,0
482,ogrenci_yuksek_hacim,1.1202,0.0057,0
483,ogrenci_yuksek_hacim,0.165,0.041,0
484,ogrenci_yuksek_hacim,1.0189,0.0066,0
485,ogrenci_yuksek_hacim,-0.7589,0.2655,0
486,ogrenci_yuksek_hacim,1.0362,0.0157,0
487,ogrenci_yuksek_hacim,0.5026,0.0044,0
488,ogrenci_yuksek_hacim,0.1971,0.0522,0
489,stajyer_degisken_gelir,0.8176,0.0094,0
490,klasik_maasli,-0.5772,0.1856,0
491,stajyer_degisken_gelir,0.5635,0.0132,0
492,dusuk_hacim_riskli,-1.2588,0.4244,0
493,klasik_maasli,0.2818,0.0325,0
494,ogrenci_yuksek_hacim,-0.6372,0.151,1
495,stajyer_degisken_gelir,0.2958,0.0477,0
496,dusuk_hacim_riskli,-0.9145,0.3408,1
497,klasik_maasli,-1.2627,0.4685,1
498,ogrenci_yuksek_hacim,-0.249,0.1227,0
499,klasik_maasli,-0.3989,0.1484,0
500,stajyer_degisken_gelir,0.6705,0.0123,0
501,stajyer_degisken_gelir,-1.2613,0.483,0
502,ogrenci_yuksek_hacim,-0.6727,0.2342,0
503,ogrenci_yuksek_hacim,-1.4472,0.508,1
504,ogrenci_yuksek_hacim,0.1144,0.0745,0
505,dusuk_hacim_riskli,0.2681,0.0264,0
506,klasik_maasli,-1.0399,0.3776,0
507,ogrenci_yuksek_hacim,0.2366,0.018,0
508,ogrenci_yuksek_hacim,0.7497,0.0293,0
509,stajyer_degisken_gelir,-1.2085,0.5592,1
510,klasik_maasli,-0.3974,0.1456,0
511,klasik_maasli,1.1852,0.003,0
512,klasik_maasli,-0.796,0.258,0
513,ogrenci_yuksek_hacim,-0.0844,0.094,1
514,dusuk_hacim_riskli,-0.3955,0.0562,0
515,stajyer_degisken_gelir,-0.5056,0.1995,0
516,ogrenci_yuksek_hacim,1.0184,0.0058,0
517,dusuk_hacim_riskli,-2.0689,0.9584,1
518,stajyer_degisken_gelir,0.0732,0.056,0
519,klasik_maasli,-1.3768,0.7504,1
520,klasik_maasli,0.0265,0.1205,0
521,klasik_maasli,0.1815,0.0294,0
522,stajyer_degisken_gelir,-0.1112,0.2342,0
523,stajyer_degisken_gelir,2.9677,0.0001,0
524,klasik_maasli,0.5327,0.0234,0
525,stajyer_degisken_gelir,0.5021,0.0198,0
526,stajyer_degisken_gelir,1.7032,0.0009,0
527,stajyer_degisken_gelir,0.3109,0.0225,0
528,ogrenci_yuksek_hacim,-1.2985,0.4989,0
529,ogrenci_yuksek_hacim,-0.7019,0.4571,1
530,stajyer_degisken_gelir,1.3123,0.0044,0
531,dusuk_hacim_riskli,-0.483,0.2154,0
532,klasik_maasli,-0.4976,0.1194,0
533,klasik_maasli,-0.3896,0.0384,0
534,klasik_maasli,-1.6493,0.7758,1
535,dusuk_hacim_riskli,-0.6769,0.1865,0
536,stajyer_degisken_gelir,1.6716,0.0006,0
537,dusuk_hacim_riskli,0.4769,0.0336,0
538,stajyer_degisken_gelir,0.2133,0.018,0
539,stajyer_degisken_gelir,0.1042,0.0548,0
540,stajyer_degisken_gelir,0.5544,0.008,0
541,klasik_maasli,-0.4591,0.1784,0
542,ogrenci_yuksek_hacim,-1.4725,0.6094,0
543,klasik_maasli,-1.7624,0.6297,1
544,klasik_maasli,0.7664,0.0066,0
545,klasik_maasli,-0.4101,0.13,0
546,stajyer_degisken_gelir,-0.0188,0.1317,0
547,ogrenci_yuksek_hacim,-2.9802,0.9866,1
548,ogrenci_yuksek_hacim,-1.8063,0.7906,1
549,klasik_maasli,0.3259,0.0128,0
550,dusuk_hacim_riskli,1.8105,0.0006,0
551,stajyer_degisken_gelir,-1.154,0.5774,1
552,stajyer_degisken_gelir,-1.1028,0.3428,0
553,ogrenci_yuksek_hacim,0.9139,0.0247,0
554,stajyer_degisken_gelir,2.1777,0.0002,0
555,dusuk_hacim_riskli,1.4256,0.0025,0
556,klasik_maasli,-0.4683,0.0581,0
557,ogrenci_yuksek_hacim,-0.253,0.0552,0
558,dusuk_hacim_riskli,0.9176,0.0103,0
559,dusuk_hacim_riskli,-1.7813,0.8581,1
560,ogrenci_yuksek_hacim,1.4498,0.0015,0
561,ogrenci_yuksek_hacim,2.7488,0.0001,0
562,ogrenci_yuksek_hacim,-0.8284,0.3363,1
563,stajyer_degisken_gelir,-0.0862,0.1275,0
564,dusuk_hacim_riskli,0.0427,0.0427,0
565,klasik_maasli,0.7013,0.0116,0
566,stajyer_degisken_gelir,-1.9376,0.8501,1
567,ogrenci_yuksek_hacim,-0.5563,0.2076,0
568,klasik_maasli,-0.5519,0.3504,0
569,klasik_maasli,0.3772,0.018,0
570,ogrenci_yuksek_hacim,0.7332,0.0068,0
571,stajyer_degisken_gelir,-2.3819,0.9776,1
572,dusuk_hacim_riskli,1.9464,0.0024,0
573,klasik_maasli,0.4694,0.0189,0
574,stajyer_degisken_gelir,1.1174,0.006,0
575,ogrenci_yuksek_hacim,0.7746,0.0105,0
576,dusuk_hacim_riskli,0.2269,0.0339,0
577,dusuk_hacim_riskli,-0.7106,0.5452,1
578,klasik_maasli,0.1601,0.0782,0
579,klasik_maasli,-1.1824,0.6846,1
580,klasik_maasli,-0.2741,0.1259,0
581,ogrenci_yuksek_hacim,-0.3661,0.1556,0
582,dusuk_hacim_riskli,0.7156,0.008,0
583,dusuk_hacim_riskli,0.8574,0.0388,0
584,dusuk_hacim_riskli,0.0004,0.0532,0
585,ogrenci_yuksek_hacim,0.3317,0.0138,0
586,klasik_maasli,-0.2606,0.1534,0
587,stajyer_degisken_gelir,0.3113,0.0166,0
588,ogrenci_yuksek_hacim,-0.2027,0.0519,0
589,stajyer_degisken_gelir,-0.4184,0.1838,0
590,stajyer_degisken_gelir,0.083,0.0644,0
591,klasik_maasli,-0.2,0.0554,0
592,dusuk_hacim_riskli,0.2927,0.0242,0
593,dusuk_hacim_riskli,-0.3136,0.1172,0
594,stajyer_degisken_gelir,-0.5419,0.3087,0
595,ogrenci_yuksek_hacim,-1.6056,0.9112,1
596,klasik_maasli,1.6625,0.0011,0
597,stajyer_degisken_gelir,-0.4692,0.1365,0
598,ogrenci_yuksek_hacim,-1.2,0.4559,1
599,ogrenci_yuksek_hacim,0.5981,0.0295,0
600,stajyer_degisken_gelir,-0.4433,0.1604,0
601,dusuk_hacim_riskli,1.6476,0.0016,0
602,ogrenci_yuksek_hacim,0.3228,0.0357,0
603,stajyer_degisken_gelir,-0.3782,0.0519,0
604,stajyer_degisken_gelir,-0.0875,0.0717,0
605,stajyer_degisken_gelir,-0.6729,0.3799,0
606,ogrenci_yuksek_hacim,-1.3002,0.5605,0
607,stajyer_degisken_gelir,1.7052,0.0021,0
608,klasik_maasli,0.1396,0.0464,0
609,ogrenci_yuksek_hacim,-0.6976,0.3222,0
610,dusuk_hacim_riskli,0.3384,0.0197,0
611,klasik_maasli,0.6792,0.0183,0
612,dusuk_hacim_riskli,0.8327,0.0064,0
613,stajyer_degisken_gelir,-1.0366,0.3799,0
614,ogrenci_yuksek_hacim,0.5614,0.022,0
615,ogrenci_yuksek_hacim,1.2249,0.0021,0
616,ogrenci_yuksek_hacim,0.5902,0.0138,0
617,ogrenci_yuksek_hacim,-1.934,0.8791,0
618,klasik_maasli,-1.1008,0.4156,1
619,stajyer_degisken_gelir,0.7657,0.0121,0
620,ogrenci_yuksek_hacim,1.929,0.0008,0
621,ogrenci_yuksek_hacim,-0.6818,0.2218,0
622,ogrenci_yuksek_hacim,-0.7049,0.2615,0
623,klasik_maasli,0.5609,0.0607,0
624,dusuk_hacim_riskli,0.9639,0.006,0
625,ogrenci_yuksek_hacim,0.4512,0.0294,0
626,ogrenci_yuksek_hacim,0.2165,0.0132,0
627,stajyer_degisken_gelir,-1.3808,0.7345,1
628,dusuk_hacim_riskli,1.0182,0.0063,0
629,stajyer_degisken_gelir,-1.0951,0.416,1
630,ogrenci_yuksek_hacim,0.4201,0.0178,0
631,stajyer_degisken_gelir,0.8981,0.0064,0
632,klasik_maasli,0.4938,0.0309,0
633,klasik_maasli,0.1083,0.0427,0
634,stajyer_degisken_gelir,0.5687,0.0204,0
635,dusuk_hacim_riskli,-0.6547,0.1739,1
636,ogrenci_yuksek_hacim,-1.9869,0.9493,1
637,dusuk_hacim_riskli,0.4219,0.0184,0
638,ogrenci_yuksek_hacim,-0.505,0.0362,0
639,stajyer_degisken_gelir,-1.7068,0.7913,1
640,dusuk_hacim_riskli,-1.3011,0.5839,0
641,ogrenci_yuksek_hacim,0.8723,0.0043,0
642,stajyer_degisken_gelir,-1.0325,0.3736,0
643,stajyer_degisken_gelir,1.2409,0.0016,0
644,dusuk_hacim_riskli,0.385,0.056,0
645,stajyer_degisken_gelir,-0.0719,0.1703,1
646,klasik_maasli,0.0677,0.0235,0
647,stajyer_degisken_gelir,0.1675,0.0285,0
648,stajyer_degisken_gelir,1.6436,0.0013,0
649,ogrenci_yuksek_hacim,-1.4671,0.8584,1
650,ogrenci_yuksek_hacim,-0.1408,0.1018,0
651,stajyer_degisken_gelir,1.1635,0.0035,0
652,ogrenci_yuksek_hacim,0.9507,0.0128,0
653,klasik_maasli,2.9718,0.0001,0
654,dusuk_hacim_riskli,1.0311,0.0119,0
655,klasik_maasli,0.0914,0.0266,0
656,stajyer_degisken_gelir,-0.2951,0.0883,0
657,stajyer_degisken_gelir,-1.0372,0.5815,1
658,klasik_maasli,-0.2144,0.0821,0
659,klasik_maasli,0.1318,0.0455,1
660,dusuk_hacim_riskli,-0.3598,0.1217,0
661,stajyer_degisken_gelir,-1.9754,0.8917,1
662,klasik_maasli,-1.707,0.7893,1
663,klasik_maasli,-0.5489,0.1018,0
664,ogrenci_yuksek_hacim,-1.3044,0.8034,1
665,klasik_maasli,-0.2607,0.0759,0
666,klasik_maasli,-0.2597,0.1779,1
667,dusuk_hacim_riskli,-1.2668,0.4312,0
668,stajyer_degisken_gelir,-0.3147,0.2523,0
669,klasik_maasli,1.0157,0.0042,0
670,stajyer_degisken_gelir,0.3336,0.0243,0
671,ogrenci_yuksek_hacim,0.2795,0.033,0
672,ogrenci_yuksek_hacim,-0.1007,0.1079,1
673,klasik_maasli,0.7865,0.0093,0
674,stajyer_degisken_gelir,-0.0124,0.1203,0
675,ogrenci_yuksek_hacim,-2.1372,0.9682,1
676,stajyer_degisken_gelir,0.7163,0.0052,0
677,dusuk_hacim_riskli,0.011,0.0669,0
678,ogrenci_yuksek_hacim,-0.8521,0.2294,1
679,dusuk_hacim_riskli,1.3993,0.0044,0
680,ogrenci_yuksek_hacim,-0.7426,0.4117,1
681,klasik_maasli,0.9329,0.0114,0
682,klasik_maasli,0.8823,0.0071,0
683,ogrenci_yuksek_hacim,0.8777,0.0141,0
684,ogrenci_yuksek_hacim,-1.0191,0.448,1
685,ogrenci_yuksek_hacim,0.0834,0.0188,0
686,klasik_maasli,0.0615,0.1112,0
687,klasik_maasli,-0.2839,0.1021,0
688,klasik_maasli,1.0024,0.0284,0
689,ogrenci_yuksek_hacim,-0.9194,0.1533,0
690,klasik_maasli,0.8231,0.0108,0
691,ogrenci_yuksek_hacim,0.5095,0.0055,0
692,stajyer_degisken_gelir,-0.1747,0.0505,0
693,stajyer_degisken_gelir,1.2404,0.0033,0
694,klasik_maasli,-0.7865,0.205,0
695,stajyer_degisken_gelir,0.0304,0.0852,0
696,klasik_maasli,-0.6417,0.1971,0
697,stajyer_degisken_gelir,0.1684,0.0652,0
698,klasik_maasli,0.7686,0.0228,0
699,klasik_maasli,-0.3398,0.1775,0
700,ogrenci_yuksek_hacim,1.3754,0.0015,0
701,stajyer_degisken_gelir,0.2907,0.0386,1
702,ogrenci_yuksek_hacim,0.3749,0.047,0
703,stajyer_degisken_gelir,0.4403,0.0267,0
704,ogrenci_yuksek_hacim,-1.0264,0.457,0
705,klasik_maasli,0.0844,0.0346,0
706,stajyer_degisken_gelir,-0.1993,0.0942,1
707,ogrenci_yuksek_hacim,0.3733,0.0317,0
708,stajyer_degisken_gelir,-0.4961,0.3624,1
709,stajyer_degisken_gelir,0.7895,0.0061,0
710,klasik_maasli,1.929,0.0004,0
711,stajyer_degisken_gelir,1.1148,0.0056,0
712,stajyer_degisken_gelir,-1.497,0.5496,1
713,dusuk_hacim_riskli,-0.5438,0.0833,0
714,stajyer_degisken_gelir,-0.4022,0.228,0
715,klasik_maasli,-0.3713,0.0847,0
716,klasik_maasli,0.1264,0.0169,0
717,klasik_maasli,1.3373,0.0021,0
718,klasik_maasli,-0.6755,0.2194,1
719,ogrenci_yuksek_hacim,-2.3463,0.9469,1
720,stajyer_degisken_gelir,-2.3011,0.9555,1
721,stajyer_degisken_gelir,1.6217,0.0035,0
722,stajyer_degisken_gelir,0.3607,0.015,0
723,stajyer_degisken_gelir,-0.581,0.2456,1
724,stajyer_degisken_gelir,0.2063,0.0455,0
725,klasik_maasli,0.166,0.0112,0
726,klasik_maasli,-1.2379,0.2975,0
727,klasik_maasli,-0.0362,0.0222,0
728,ogrenci_yuksek_hacim,-1.6232,0.8471,1
729,ogrenci_yuksek_hacim,0.6892,0.0061,0
730,dusuk_hacim_riskli,0.3515,0.0174,0
731,klasik_maasli,1.2225,0.0049,0
732,ogrenci_yuksek_hacim,0.0463,0.0303,0
733,ogrenci_yuksek_hacim,-0.5308,0.1218,0
734,klasik_maasli,0.6435,0.0163,0
735,ogrenci_yuksek_hacim,0.1086,0.0414,0
736,klasik_maasli,1.3639,0.0047,0
737,klasik_maasli,0.5514,0.0307,0
738,ogrenci_yuksek_hacim,-0.4862,0.0875,0
739,klasik_maasli,0.6704,0.0141,0
740,dusuk_hacim_riskli,-1.2979,0.6529,1
741,klasik_maasli,0.4572,0.0836,0
742,stajyer_degisken_gelir,1.0912,0.0112,0
743,ogrenci_yuksek_hacim,-1.4092,0.7106,1
744,stajyer_degisken_gelir,1.6052,0.0009,0
745,ogrenci_yuksek_hacim,-1.644,0.6284,1
746,ogrenci_yuksek_hacim,-2.2374,0.8842,1
747,dusuk_hacim_riskli,-0.3011,0.1096,1
748,ogrenci_yuksek_hacim,-0.7736,0.3218,0
749,klasik_maasli,-0.0228,0.031,0
750,ogrenci_yuksek_hacim,-0.0691,0.0469,1
751,ogrenci_yuksek_hacim,0.4903,0.0114,0
752,klasik_maasli,-2.048,0.8088,1
753,dusuk_hacim_riskli,0.3445,0.0212,0
754,dusuk_hacim_riskli,-0.1669,0.0947,0
755,stajyer_degisken_gelir,0.0637,0.0927,0
756,ogrenci_yuksek_hacim,1.9821,0.0024,0
757,dusuk_hacim_riskli,3.0905,0.0001,0
758,stajyer_degisken_gelir,2.1833,0.0005,0
759,stajyer_degisken_gelir,-0.5072,0.1309,0
760,ogrenci_yuksek_hacim,-0.4183,0.1136,0
761,dusuk_hacim_riskli,1.3515,0.0025,0
762,stajyer_degisken_gelir,-1.2674,0.5126,0
763,klasik_maasli,0.3792,0.0232,0
764,klasik_maasli,0.4419,0.0448,0
765,klasik_maasli,1.4834,0.0021,0
766,stajyer_degisken_gelir,1.2068,0.0038,0
767,stajyer_degisken_gelir,-0.831,0.3591,0
768,klasik_maasli,-0.1663,0.0748,0
769,ogrenci_yuksek_hacim,-0.1436,0.0292,0
770,ogrenci_yuksek_hacim,0.0472,0.0486,0
771,ogrenci_yuksek_hacim,0.6303,0.0215,0
772,stajyer_degisken_gelir,-0.78,0.2374,0
773,stajyer_degisken_gelir,0.5312,0.0175,0
774,dusuk_hacim_riskli,1.3743,0.0025,0
775,ogrenci_yuksek_hacim,0.31,0.0251,0
776,klasik_maasli,-1.1883,0.489,0
777,ogrenci_yuksek_hacim,-1.1395,0.3856,0
778,stajyer_degisken_gelir,0.243,0.0379,0
779,dusuk_hacim_riskli,0.1999,0.0212,0
780,klasik_maasli,0.7694,0.0115,0
781,stajyer_degisken_gelir,0.3099,0.0575,0
782,dusuk_hacim_riskli,0.5015,0.0124,0
783,stajyer_degisken_gelir,0.1605,0.0392,0
784,klasik_maasli,-1.0478,0.3721,1
785,klasik_maasli,0.8524,0.0138,0
786,dusuk_hacim_riskli,0.0503,0.0488,0
787,stajyer_degisken_gelir,0.3762,0.0136,0
788,stajyer_degisken_gelir,1.4257,0.0015,0
789,klasik_maasli,0.5614,0.0045,0
790,stajyer_degisken_gelir,0.2277,0.0553,0
791,ogrenci_yuksek_hacim,0.7137,0.0172,0
792,klasik_maasli,0.7591,0.0125,0
793,stajyer_degisken_gelir,-0.2102,0.0617,0
794,ogrenci_yuksek_hacim,-0.3716,0.1522,1
795,ogrenci_yuksek_hacim,-1.5571,0.7628,0
796,klasik_maasli,1.195,0.0021,0
797,stajyer_degisken_gelir,1.2177,0.0018,0
798,ogrenci_yuksek_hacim,-0.104,0.0686,0
799,stajyer_degisken_gelir,1.2223,0.0036,0
800,klasik_maasli,0.092,0.0569,0
801,ogrenci_yuksek_hacim,0.6146,0.0112,0
802,stajyer_degisken_gelir,-1.0654,0.2108,0
803,stajyer_degisken_gelir,-2.608,0.9715,1
804,klasik_maasli,-1.488,0.8287,1
805,klasik_maasli,-1.0629,0.2821,0
806,ogrenci_yuksek_hacim,-2.4242,0.921,1
807,ogrenci_yuksek_hacim,-0.2361,0.0596,0
808,dusuk_hacim_riskli,1.2011,0.0029,0
809,ogrenci_yuksek_hacim,0.1373,0.1038,0
810,stajyer_degisken_gelir,-1.1314,0.4428,1
811,dusuk_hacim_riskli,-0.695,0.373,1
812,klasik_maasli,1.843,0.0008,0
813,ogrenci_yuksek_hacim,-0.8043,0.3492,0
814,klasik_maasli,-0.3228,0.0835,0
815,stajyer_degisken_gelir,0.632,0.016,0
816,dusuk_hacim_riskli,0.5475,0.0094,0
817,klasik_maasli,-0.8292,0.167,0
818,ogrenci_yuksek_hacim,0.4762,0.0149,0
819,ogrenci_yuksek_hacim,-0.782,0.141,0
820,klasik_maasli,-0.3712,0.0938,0
821,ogrenci_yuksek_hacim,-1.0319,0.59,1
822,dusuk_hacim_riskli,0.7358,0.0215,0
823,ogrenci_yuksek_hacim,-0.5547,0.2376,0
824,stajyer_degisken_gelir,-0.6366,0.1983,0
825,ogrenci_yuksek_hacim,0.0738,0.066,0
826,ogrenci_yuksek_hacim,-0.3456,0.143,0
827,ogrenci_yuksek_hacim,-0.111,0.0451,0
828,dusuk_hacim_riskli,0.2475,0.0834,0
829,stajyer_degisken_gelir,-1.0384,0.2193,0
830,klasik_maasli,0.8937,0.0039,0
831,ogrenci_yuksek_hacim,0.3102,0.0278,0
832,stajyer_degisken_gelir,0.0428,0.0574,0
833,ogrenci_yuksek_hacim,0.9965,0.0096,0
834,ogrenci_yuksek_hacim,-1.2704,0.5337,1
835,ogrenci_yuksek_hacim,-0.1521,0.0531,0
836,klasik_maasli,1.1555,0.0047,0
837,ogrenci_yuksek_hacim,2.1135,0.0001,0
838,stajyer_degisken_gelir,-0.8901,0.4974,0
839,stajyer_degisken_gelir,0.9057,0.0063,0
840,klasik_maasli,-0.7671,0.3223,0
841,klasik_maasli,-0.4221,0.1374,1
842,klasik_maasli,-0.72,0.2306,0
843,ogrenci_yuksek_hacim,-1.3099,0.7036,0
844,ogrenci_yuksek_hacim,1.0137,0.0035,0
845,stajyer_degisken_gelir,0.042,0.0978,0
846,ogrenci_yuksek_hacim,-1.1612,0.5746,1
847,klasik_maasli,2.0731,0.0004,0
848,dusuk_hacim_riskli,-0.4313,0.1329,0
849,klasik_maasli,1.1202,0.0016,0
850,stajyer_degisken_gelir,-0.9554,0.383,0
851,klasik_maasli,0.9817,0.0105,0
852,ogrenci_yuksek_hacim,-1.029,0.3527,0
853,stajyer_degisken_gelir,-1.2638,0.5536,1
854,dusuk_hacim_riskli,0.6254,0.0079,0
855,ogrenci_yuksek_hacim,0.9961,0.0108,0
856,ogrenci_yuksek_hacim,-0.0883,0.0688,0
857,stajyer_degisken_gelir,0.7955,0.0113,0
858,stajyer_degisken_gelir,-0.4119,0.1562,1
859,stajyer_degisken_gelir,-0.5941,0.3808,0
860,klasik_maasli,-1.6873,0.6968,1
861,stajyer_degisken_gelir,1.8646,0.0004,0
862,dusuk_hacim_riskli,-2.1894,0.941,1
863,ogrenci_yuksek_hacim,-0.4297,0.1136,0
864,klasik_maasli,0.47,0.0576,0
865,ogrenci_yuksek_hacim,0.4763,0.0199,0
866,ogrenci_yuksek_hacim,-0.0167,0.0634,0
867,stajyer_degisken_gelir,1.0115,0.0021,0
868,klasik_maasli,0.3164,0.0142,0
869,ogrenci_yuksek_hacim,-0.694,0.1863,0
870,ogrenci_yuksek_hacim,0.746,0.0029,0
871,ogrenci_yuksek_hacim,-1.4664,0.7971,1
872,klasik_maasli,-0.7124,0.181,0
873,klasik_maasli,0.2402,0.0438,0
874,stajyer_degisken_gelir,-0.6167,0.2065,0
875,dusuk_hacim_riskli,0.3041,0.0565,0
876,stajyer_degisken_gelir,-0.0608,0.0542,0
877,klasik_maasli,0.4547,0.0165,1
878,stajyer_degisken_gelir,0.6412,0.0228,0
879,klasik_maasli,-0.4974,0.1044,0
880,klasik_maasli,0.2334,0.0257,0
881,klasik_maasli,1.9254,0.0003,0
882,ogrenci_yuksek_hacim,0.1552,0.0356,0
883,klasik_maasli,0.3463,0.0088,0
884,stajyer_degisken_gelir,-0.1468,0.0689,0
885,klasik_maasli,-0.0049,0.0953,0
886,dusuk_hacim_riskli,0.762,0.0076,0
887,klasik_maasli,-1.8799,0.9234,1
888,klasik_maasli,0.7843,0.0068,0
889,stajyer_degisken_gelir,0.2174,0.0693,0
890,klasik_maasli,0.5233,0.0435,0
891,dusuk_hacim_riskli,-0.6764,0.1864,0
892,ogrenci_yuksek_hacim,0.2781,0.0381,0
893,dusuk_hacim_riskli,1.1941,0.0071,0
894,dusuk_hacim_riskli,-0.1803,0.1058,0
895,klasik_maasli,0.8787,0.0038,0
896,stajyer_degisken_gelir,-0.663,0.2411,0
897,klasik_maasli,-0.0468,0.124,1
898,stajyer_degisken_gelir,-0.5482,0.316,1
899,ogrenci_yuksek_hacim,-0.4053,0.1717,1
900,stajyer_degisken_gelir,-1.2685,0.5029,1
901,ogrenci_yuksek_hacim,0.7901,0.0085,0
902,ogrenci_yuksek_hacim,-0.1092,0.1456,0
903,ogrenci_yuksek_hacim,0.2697,0.0121,0
904,ogrenci_yuksek_hacim,-0.4912,0.0783,0
905,stajyer_degisken_gelir,0.651,0.0046,0
906,ogrenci_yuksek_hacim,1.1126,0.0032,0
907,stajyer_degisken_gelir,-0.1693,0.0495,0
908,dusuk_hacim_riskli,0.9638,0.0049,0
909,klasik_maasli,0.3307,0.0081,0
910,klasik_maasli,1.1067,0.0143,0
911,stajyer_degisken_gelir,0.7759,0.0206,0
912,ogrenci_yuksek_hacim,1.059,0.0052,0
913,stajyer_degisken_gelir,0.6758,0.0036,0
914,ogrenci_yuksek_hacim,0.2187,0.0315,0
915,klasik_maasli,-0.2835,0.0791,0
916,stajyer_degisken_gelir,0.2495,0.0189,0
917,dusuk_hacim_riskli,0.8639,0.007,0
918,klasik_maasli,0.7025,0.0124,0
919,stajyer_degisken_gelir,0.013,0.0335,0
920,klasik_maasli,-0.5459,0.1591,0
921,stajyer_degisken_gelir,1.6687,0.0005,0
922,klasik_maasli,-1.5039,0.7817,1
923,stajyer_degisken_gelir,-0.4743,0.0521,0
924,stajyer_degisken_gelir,-0.0574,0.0838,0
925,ogrenci_yuksek_hacim,-1.3215,0.5391,1
926,stajyer_degisken_gelir,0.3137,0.0177,0
927,klasik_maasli,-0.0526,0.0569,0
928,klasik_maasli,1.5084,0.0007,0
929,stajyer_degisken_gelir,-0.3117,0.1013,0
930,ogrenci_yuksek_hacim,0.1883,0.0311,0
931,ogrenci_yuksek_hacim,0.6315,0.0162,0
932,klasik_maasli,-0.9862,0.2844,0
933,ogrenci_yuksek_hacim,-1.329,0.5632,1
934,klasik_maasli,-0.2094,0.1439,0
935,stajyer_degisken_gelir,1.9665,0.0008,0
936,klasik_maasli,-0.5257,0.2397,0
937,klasik_maasli,-0.5445,0.1482,0
938,dusuk_hacim_riskli,0.4977,0.015,0
939,ogrenci_yuksek_hacim,-0.1657,0.1467,0
940,dusuk_hacim_riskli,0.9002,0.0043,0
941,stajyer_degisken_gelir,-0.4137,0.1805,0
942,ogrenci_yuksek_hacim,-0.9355,0.4138,1
943,klasik_maasli,1.4247,0.0023,0
944,stajyer_degisken_gelir,-0.039,0.0763,0
945,stajyer_degisken_gelir,0.152,0.0238,0
946,stajyer_degisken_gelir,-2.2897,0.9471,0
947,dusuk_hacim_riskli,-1.9539,0.8049,1
948,ogrenci_yuksek_hacim,1.3986,0.0022,0
949,ogrenci_yuksek_hacim,-0.2134,0.0559,0
950,ogrenci_yuksek_hacim,1.0007,0.0033,0
951,ogrenci_yuksek_hacim,0.0015,0.0497,0
952,ogrenci_yuksek_hacim,2.1477,0.0004,0
953,dusuk_hacim_riskli,0.4747,0.0153,0
954,klasik_maasli,0.9499,0.0091,0
955,ogrenci_yuksek_hacim,-0.2302,0.0528,0
956,dusuk_hacim_riskli,-1.3281,0.6188,0
957,klasik_maasli,-1.349,0.476,1
958,stajyer_degisken_gelir,0.2237,0.0585,0
959,ogrenci_yuksek_hacim,0.8106,0.0123,0
960,dusuk_hacim_riskli,-1.2065,0.2722,1
961,klasik_maasli,0.4844,0.0198,0
962,klasik_maasli,-0.9339,0.3633,1
963,dusuk_hacim_riskli,-1.0959,0.7169,1
964,klasik_maasli,0.7363,0.0187,0
965,ogrenci_yuksek_hacim,-0.1964,0.038,0
966,dusuk_hacim_riskli,-1.1828,0.5316,1
967,ogrenci_yuksek_hacim,1.6639,0.0009,0
968,stajyer_degisken_gelir,-0.1449,0.0904,0
969,ogrenci_yuksek_hacim,0.1264,0.03,0
970,dusuk_hacim_riskli,0.2646,0.0345,0
971,klasik_maasli,0.1678,0.1272,0
972,stajyer_degisken_gelir,-0.2927,0.0868,0
973,klasik_maasli,-0.6979,0.3195,0
974,dusuk_hacim_riskli,-1.4088,0.671,1
975,stajyer_degisken_gelir,-0.0813,0.0796,0
976,klasik_maasli,0.6754,0.0182,0
977,klasik_maasli,-0.3206,0.0728,1
978,ogrenci_yuksek_hacim,0.3352,0.0308,0
979,ogrenci_yuksek_hacim,0.2074,0.0852,0
980,dusuk_hacim_riskli,-0.1517,0.1798,0
981,stajyer_degisken_gelir,2.1804,0.0009,0
982,klasik_maasli,-0.999,0.415,0
983,klasik_maasli,-0.8935,0.4609,1
984,klasik_maasli,0.0413,0.0737,0
985,stajyer_degisken_gelir,-0.0992,0.1267,0
986,ogrenci_yuksek_hacim,0.2287,0.0222,0
987,ogrenci_yuksek_hacim,0.8655,0.0039,0
988,ogrenci_yuksek_hacim,1.0613,0.0133,0
989,klasik_maasli,-0.8398,0.508,1
990,stajyer_degisken_gelir,0.7582,0.0126,0
991,dusuk_hacim_riskli,0.5332,0.0363,0
992,klasik_maasli,-2.3953,0.9759,1
993,ogrenci_yuksek_hacim,0.2739,0.034,0
994,klasik_maasli,-0.0049,0.0364,0
995,dusuk_hacim_riskli,-0.6282,0.1691,0
996,stajyer_degisken_gelir,-1.3356,0.522,1
997,stajyer_degisken_gelir,-0.1761,0.1131,0
998,stajyer_degisken_gelir,0.7621,0.0083,0
999,dusuk_hacim_riskli,-0.1529,0.1149,0
1000,klasik_maasli,1.8737,0.0005,0
1001,ogrenci_yuksek_hacim,1.4357,0.0017,0
1002,stajyer_degisken_gelir,1.0569,0.0068,0
1003,stajyer_degisken_gelir,0.9953,0.0039,0
1004,dusuk_hacim_riskli,-0.2906,0.1441,0
1005,ogrenci_yuksek_hacim,0.4513,0.0285,0
1006,stajyer_degisken_gelir,0.2163,0.022,0
1007,ogrenci_yuksek_hacim,2.2295,0.0002,0
1008,ogrenci_yuksek_hacim,-0.6944,0.2294,0
1009,stajyer_degisken_gelir,1.369,0.0021,0
1010,ogrenci_yuksek_hacim,1.5649,0.0015,0
1011,stajyer_degisken_gelir,-0.7189,0.2567,0
1012,klasik_maasli,1.5141,0.0011,0
1013,klasik_maasli,2.0522,0.0003,0
1014,dusuk_hacim_riskli,-1.538,0.7639,1
1015,ogrenci_yuksek_hacim,2.5043,0.0001,0
1016,stajyer_degisken_gelir,-2.0305,0.89,1
1017,stajyer_degisken_gelir,-1.3102,0.5854,1
1018,dusuk_hacim_riskli,-0.1445,0.0585,0
1019,ogrenci_yuksek_hacim,-0.839,0.1761,0
1020,klasik_maasli,-0.8987,0.2998,0
1021,klasik_maasli,-0.5716,0.1256,0
1022,klasik_maasli,0.0014,0.0404,0
1023,klasik_maasli,-0.4965,0.2971,1
1024,ogrenci_yuksek_hacim,-0.9143,0.2632,1
1025,ogrenci_yuksek_hacim,1.1791,0.0048,0
1026,ogrenci_yuksek_hacim,-0.2985,0.1271,1
1027,dusuk_hacim_riskli,1.2703,0.0027,0
1028,stajyer_degisken_gelir,0.3764,0.0352,0
1029,ogrenci_yuksek_hacim,0.945,0.004,0
1030,stajyer_degisken_gelir,-0.3403,0.0759,1
1031,klasik_maasli,-0.4389,0.1373,0
1032,klasik_maasli,0.2484,0.0096,0
1033,stajyer_degisken_gelir,-0.5112,0.1002,0
1034,stajyer_degisken_gelir,1.5233,0.0019,0
1035,ogrenci_yuksek_hacim,1.0902,0.0034,0
1036,ogrenci_yuksek_hacim,0.0452,0.0245,0
1037,ogrenci_yuksek_hacim,-0.4002,0.1498,0
1038,ogrenci_yuksek_hacim,-0.1374,0.1168,0
1039,dusuk_hacim_riskli,0.0548,0.1113,0
1040,dusuk_hacim_riskli,-0.5008,0.2175,0
1041,klasik_maasli,-0.2607,0.0939,0
1042,dusuk_hacim_riskli,0.0095,0.0792,0
1043,stajyer_degisken_gelir,-1.3925,0.455,1
1044,stajyer_degisken_gelir,-0.4883,0.1665,0
1045,ogrenci_yuksek_hacim,0.2046,0.0192,0
1046,stajyer_degisken_gelir,-1.0336,0.3739,1
1047,dusuk_hacim_riskli,1.1944,0.0037,0
1048,ogrenci_yuksek_hacim,-0.8503,0.3784,0
1049,ogrenci_yuksek_hacim,-0.3374,0.1231,0
1050,dusuk_hacim_riskli,1.0465,0.0087,0
1051,klasik_maasli,-1.2573,0.707,1
1052,stajyer_degisken_gelir,-0.3958,0.1343,1
1053,ogrenci_yuksek_hacim,1.1364,0.0061,0
1054,klasik_maasli,-0.8988,0.1253,0
1055,ogrenci_yuksek_hacim,-1.3816,0.5821,0
1056,klasik_maasli,-0.0911,0.0431,0
1057,stajyer_degisken_gelir,-0.0838,0.0456,0
1058,stajyer_degisken_gelir,0.3892,0.0205,0
1059,klasik_maasli,-0.237,0.1565,0
1060,ogrenci_yuksek_hacim,0.1893,0.1417,0
1061,dusuk_hacim_riskli,0.1495,0.0578,0
1062,dusuk_hacim_riskli,-0.9705,0.3585,0
1063,klasik_maasli,-0.8276,0.3528,0
1064,ogrenci_yuksek_hacim,-0.5847,0.3475,1
1065,stajyer_degisken_gelir,0.8124,0.0175,0
1066,ogrenci_yuksek_hacim,0.022,0.0657,0
1067,stajyer_degisken_gelir,1.0366,0.0045,0
1068,ogrenci_yuksek_hacim,-0.2785,0.1399,0
1069,dusuk_hacim_riskli,0.337,0.043,0
1070,klasik_maasli,0.9919,0.0037,0
1071,dusuk_hacim_riskli,1.2424,0.0041,0
1072,stajyer_degisken_gelir,-0.1397,0.0675,0
1073,stajyer_degisken_gelir,0.9115,0.0118,1
1074,dusuk_hacim_riskli,-0.0474,0.0745,0
1075,dusuk_hacim_riskli,1.7266,0.0006,0
1076,klasik_maasli,-0.8698,0.4153,1
1077,stajyer_degisken_gelir,1.0819,0.0029,0
1078,dusuk_hacim_riskli,1.174,0.0016,0
1079,klasik_maasli,-0.5141,0.1121,1
1080,stajyer_degisken_gelir,-2.8814,0.9796,1
1081,stajyer_degisken_gelir,-1.2073,0.8499,1
1082,ogrenci_yuksek_hacim,-0.0374,0.0658,0
1083,ogrenci_yuksek_hacim,2.065,0.0005,0
1084,ogrenci_yuksek_hacim,0.7861,0.0177,0
1085,stajyer_degisken_gelir,-0.7944,0.1873,0
1086,klasik_maasli,0.5654,0.0228,0
1087,klasik_maasli,-0.3823,0.1497,0
1088,stajyer_degisken_gelir,-1.0762,0.5291,1
1089,stajyer_degisken_gelir,0.623,0.0145,0
1090,dusuk_hacim_riskli,1.1185,0.0032,0
1091,dusuk_hacim_riskli,-0.3222,0.1209,0
1092,stajyer_degisken_gelir,0.1765,0.0218,0
1093,stajyer_degisken_gelir,0.5538,0.0125,0
1094,dusuk_hacim_riskli,-0.8237,0.2209,1
1095,klasik_maasli,-0.0483,0.072,0
1096,klasik_maasli,0.4312,0.0107,0
1097,stajyer_degisken_gelir,0.5773,0.0306,0
1098,stajyer_degisken_gelir,0.1552,0.0153,0
1099,ogrenci_yuksek_hacim,-1.5404,0.8126,1
1100,dusuk_hacim_riskli,-0.6256,0.2703,0
1101,ogrenci_yuksek_hacim,2.0551,0.0013,0
1102,klasik_maasli,-0.4927,0.1588,0
1103,stajyer_degisken_gelir,1.2788,0.0057,0
1104,dusuk_hacim_riskli,0.0633,0.1457,0
1105,ogrenci_yuksek_hacim,0.4092,0.0101,0
1106,stajyer_degisken_gelir,-0.3611,0.1077,0
1107,klasik_maasli,-1.1513,0.5441,1
1108,klasik_maasli,0.1126,0.1593,0
1109,klasik_maasli,-1.1584,0.653,1
1110,klasik_maasli,0.0857,0.0399,0
1111,ogrenci_yuksek_hacim,-1.0101,0.334,0
1112,klasik_maasli,0.4846,0.0164,0
1113,ogrenci_yuksek_hacim,-1.8118,0.9637,1
1114,klasik_maasli,-0.2998,0.137,1
1115,klasik_maasli,-0.2122,0.1638,0
1116,ogrenci_yuksek_hacim,-1.1372,0.3482,0
1117,klasik_maasli,-1.034,0.6384,1
1118,klasik_maasli,-1.0226,0.4374,0
1119,ogrenci_yuksek_hacim,-0.3062,0.0704,0
1120,dusuk_hacim_riskli,-1.3017,0.4631,0
1121,dusuk_hacim_riskli,1.4872,0.0049,0
1122,stajyer_degisken_gelir,0.8659,0.0076,0
1123,stajyer_degisken_gelir,-1.3277,0.5662,0
1124,stajyer_degisken_gelir,1.5985,0.0009,0
1125,dusuk_hacim_riskli,-0.0903,0.0638,0
1126,dusuk_hacim_riskli,0.5701,0.0138,0
1127,klasik_maasli,0.5387,0.0132,0
1128,dusuk_hacim_riskli,1.1228,0.0029,0
1129,dusuk_hacim_riskli,0.319,0.0432,0
1130,stajyer_degisken_gelir,0.0201,0.1579,0
1131,klasik_maasli,2.2147,0.0006,0
1132,dusuk_hacim_riskli,-0.1396,0.0492,0
1133,stajyer_degisken_gelir,0.7856,0.0043,0
1134,stajyer_degisken_gelir,0.7246,0.0053,0
1135,ogrenci_yuksek_hacim,0.7875,0.0028,0
1136,dusuk_hacim_riskli,1.3937,0.0018,0
1137,dusuk_hacim_riskli,-1.2075,0.4894,0
1138,klasik_maasli,0.0989,0.0631,0
1139,dusuk_hacim_riskli,-0.7827,0.6383,0
1140,klasik_maasli,0.9694,0.0058,0
1141,stajyer_degisken_gelir,1.2794,0.0014,0
1142,klasik_maasli,-1.1337,0.4315,0
1143,klasik_maasli,-0.6764,0.2414,0
1144,dusuk_hacim_riskli,0.0395,0.0469,0
1145,stajyer_degisken_gelir,-0.3288,0.2308,0
1146,stajyer_degisken_gelir,-0.6453,0.3878,0
1147,ogrenci_yuksek_hacim,0.2813,0.0917,0
1148,klasik_maasli,0.157,0.0452,0
1149,ogrenci_yuksek_hacim,1.3502,0.0015,0
1150,ogrenci_yuksek_hacim,-0.121,0.1375,0
1151,ogrenci_yuksek_hacim,-1.16,0.454,0
1152,ogrenci_yuksek_hacim,1.2905,0.0068,0
1153,stajyer_degisken_gelir,-0.6321,0.2907,1
1154,ogrenci_yuksek_hacim,-0.6214,0.1672,0
1155,klasik_maasli,-1.7713,0.7828,1
1156,klasik_maasli,0.4944,0.0218,0
1157,dusuk_hacim_riskli,-0.9459,0.342,1
1158,ogrenci_yuksek_hacim,1.0947,0.0036,0
1159,ogrenci_yuksek_hacim,1.514,0.0015,0
1160,klasik_maasli,0.2533,0.0683,0
1161,dusuk_hacim_riskli,-0.0964,0.061,0
1162,ogrenci_yuksek_hacim,0.5916,0.0263,0
1163,ogrenci_yuksek_hacim,0.7058,0.0151,0
1164,stajyer_degisken_gelir,1.2732,0.003,0
1165,dusuk_hacim_riskli,-1.2306,0.5052,1
1166,stajyer_degisken_gelir,-0.1024,0.0945,0
1167,stajyer_degisken_gelir,1.528,0.0026,0
1168,klasik_maasli,-0.1112,0.1702,0
1169,klasik_maasli,2.1595,0.0003,0
1170,dusuk_hacim_riskli,1.1217,0.0028,0
1171,dusuk_hacim_riskli,0.1895,0.0254,0
1172,klasik_maasli,0.6474,0.0409,0
1173,ogrenci_yuksek_hacim,-1.027,0.4168,0
1174,stajyer_degisken_gelir,0.2697,0.0272,0
1175,stajyer_degisken_gelir,0.8894,0.0067,0
1176,stajyer_degisken_gelir,0.9933,0.0114,0
1177,klasik_maasli,0.5348,0.0263,0
1178,klasik_maasli,0.0701,0.0984,0
1179,dusuk_hacim_riskli,-0.6418,0.1923,0
1180,ogrenci_yuksek_hacim,0.9928,0.0055,0
1181,dusuk_hacim_riskli,-1.9644,0.8913,1
1182,ogrenci_yuksek_hacim,-1.1006,0.6759,1
1183,ogrenci_yuksek_hacim,1.8819,0.0016,0
1184,stajyer_degisken_gelir,0.2704,0.0189,0
1185,klasik_maasli,1.0165,0.0097,0
1186,klasik_maasli,0.2331,0.0228,0
1187,dusuk_hacim_riskli,0.192,0.0456,1
1188,stajyer_degisken_gelir,-0.3825,0.2281,0
1189,klasik_maasli,0.2572,0.0281,0
1190,ogrenci_yuksek_hacim,0.0603,0.0716,0
1191,ogrenci_yuksek_hacim,0.7179,0.0032,0
1192,stajyer_degisken_gelir,0.3987,0.0173,0
1193,klasik_maasli,-0.6833,0.1721,1
1194,ogrenci_yuksek_hacim,2.2828,0.0003,0
1195,ogrenci_yuksek_hacim,0.7318,0.0107,0
1196,ogrenci_yuksek_hacim,1.044,0.0065,0
1197,stajyer_degisken_gelir,0.3245,0.0187,0
1198,klasik_maasli,0.0456,0.0548,0
1199,ogrenci_yuksek_hacim,-1.6244,0.7436,0
1200,klasik_maasli,0.44,0.0134,0
1201,klasik_maasli,0.1528,0.0371,0
1202,ogrenci_yuksek_hacim,0.0277,0.0624,0
1203,ogrenci_yuksek_hacim,0.8248,0.0043,0
1204,stajyer_degisken_gelir,0.5003,0.0384,0
1205,stajyer_degisken_gelir,1.3125,0.0017,0
1206,dusuk_hacim_riskli,0.1901,0.0695,0
1207,stajyer_degisken_gelir,0.1892,0.0128,0
1208,klasik_maasli,-0.2608,0.0659,0
1209,ogrenci_yuksek_hacim,-0.7386,0.2618,1
1210,ogrenci_yuksek_hacim,-0.4781,0.1094,0
1211,klasik_maasli,0.4155,0.0142,0
1212,klasik_maasli,-0.8612,0.2132,1
1213,stajyer_degisken_gelir,0.7402,0.0128,0
1214,klasik_maasli,0.1432,0.0474,0
1215,ogrenci_yuksek_hacim,-0.6162,0.2299,0
1216,ogrenci_yuksek_hacim,0.6193,0.0111,0
1217,ogrenci_yuksek_hacim,-0.5605,0.1462,0
1218,dusuk_hacim_riskli,1.3388,0.0022,0
1219,dusuk_hacim_riskli,0.6465,0.0075,0
1220,stajyer_degisken_gelir,0.8014,0.0048,0
1221,klasik_maasli,0.8712,0.0154,0
1222,stajyer_degisken_gelir,0.4096,0.0237,0
1223,stajyer_degisken_gelir,1.5682,0.0024,0
1224,ogrenci_yuksek_hacim,0.9039,0.0092,0
1225,ogrenci_yuksek_hacim,0.6771,0.0042,0
1226,ogrenci_yuksek_hacim,-0.6709,0.2805,0
1227,klasik_maasli,0.2063,0.0368,0
1228,stajyer_degisken_gelir,1.0356,0.0079,0
1229,klasik_maasli,2.2207,0.0004,0
1230,ogrenci_yuksek_hacim,1.0542,0.0032,0
1231,stajyer_degisken_gelir,-0.4619,0.1273,0
1232,stajyer_degisken_gelir,0.7584,0.022,0
1233,klasik_maasli,-0.8502,0.226,0
1234,dusuk_hacim_riskli,0.2081,0.0307,0
1235,ogrenci_yuksek_hacim,-0.4357,0.0592,0
1236,dusuk_hacim_riskli,-0.0905,0.0952,0
1237,dusuk_hacim_riskli,-0.731,0.3018,1
1238,ogrenci_yuksek_hacim,-0.5466,0.2113,0
1239,ogrenci_yuksek_hacim,0.4859,0.021,0
1240,ogrenci_yuksek_hacim,1.6705,0.0013,0
1241,klasik_maasli,0.5784,0.0143,0
1242,stajyer_degisken_gelir,0.0878,0.0383,0
1243,klasik_maasli,1.368,0.0028,0
1244,ogrenci_yuksek_hacim,-0.6763,0.2548,0
1245,ogrenci_yuksek_hacim,-1.1779,0.5767,0
1246,klasik_maasli,-0.4721,0.2662,0
1247,stajyer_degisken_gelir,-1.3439,0.76,0
1248,dusuk_hacim_riskli,0.4007,0.0162,0
1249,stajyer_degisken_gelir,-0.4768,0.1509,0
1250,klasik_maasli,-1.8392,0.8689,1
1251,klasik_maasli,-0.4136,0.0845,0
1252,stajyer_degisken_gelir,-1.9993,0.8042,0
1253,dusuk_hacim_riskli,0.1648,0.0343,0
1254,stajyer_degisken_gelir,-1.8034,0.8664,1
1255,ogrenci_yuksek_hacim,0.2684,0.0205,0
1256,klasik_maasli,0.3974,0.0335,0
1257,ogrenci_yuksek_hacim,-0.5915,0.2339,1
1258,stajyer_degisken_gelir,0.6353,0.015,0
1259,klasik_maasli,-0.1187,0.067,0
1260,klasik_maasli,1.5881,0.0019,0
1261,klasik_maasli,0.7854,0.0068,0
1262,klasik_maasli,2.2088,0.0005,0
1263,klasik_maasli,-1.4504,0.8584,1
1264,ogrenci_yuksek_hacim,-2.2658,0.9419,1
1265,klasik_maasli,0.2011,0.0236,0
1266,klasik_maasli,-1.5114,0.5544,1
1267,klasik_maasli,0.1755,0.0226,0
1268,ogrenci_yuksek_hacim,-0.5728,0.3458,1
1269,stajyer_degisken_gelir,0.1578,0.0351,0
1270,klasik_maasli,-0.9753,0.2889,1
1271,dusuk_hacim_riskli,-3.3678,0.997,1
1272,klasik_maasli,-2.3339,0.9676,1
1273,ogrenci_yuksek_hacim,-2.6337,0.9791,1
1274,klasik_maasli,-1.9747,0.876,0
1275,stajyer_degisken_gelir,1.6007,0.001,0
1276,stajyer_degisken_gelir,2.3494,0.0004,0
1277,klasik_maasli,-1.166,0.6558,0
1278,ogrenci_yuksek_hacim,2.38,0.0001,0
1279,ogrenci_yuksek_hacim,0.7663,0.0132,0
1280,klasik_maasli,-0.4099,0.2201,0
1281,klasik_maasli,-0.3682,0.1058,0
1282,ogrenci_yuksek_hacim,-0.4682,0.224,0
1283,ogrenci_yuksek_hacim,0.4681,0.0059,0
1284,klasik_maasli,0.2383,0.0369,0
1285,stajyer_degisken_gelir,-0.2197,0.0628,1
1286,ogrenci_yuksek_hacim,-0.4779,0.3611,0
1287,klasik_maasli,-0.3986,0.294,0
1288,klasik_maasli,0.9476,0.0076,0
1289,ogrenci_yuksek_hacim,-0.582,0.1528,0
1290,ogrenci_yuksek_hacim,-0.2275,0.0745,0
1291,klasik_maasli,1.9131,0.0005,0
1292,klasik_maasli,-0.1965,0.1064,0
1293,klasik_maasli,-2.2241,0.9446,0
1294,dusuk_hacim_riskli,-1.1373,0.3933,0
1295,klasik_maasli,1.1635,0.0065,0
1296,ogrenci_yuksek_hacim,0.3827,0.0265,1
1297,klasik_maasli,-0.7151,0.3657,1
1298,klasik_maasli,0.0231,0.0582,0
1299,klasik_maasli,-0.709,0.1133,0
1300,stajyer_degisken_gelir,-1.1234,0.5257,0
1301,stajyer_degisken_gelir,-0.5831,0.0488,0
1302,stajyer_degisken_gelir,0.4608,0.0224,0
1303,stajyer_degisken_gelir,0.1991,0.0224,0
1304,ogrenci_yuksek_hacim,-0.591,0.214,0
1305,ogrenci_yuksek_hacim,-0.7568,0.3187,1
1306,klasik_maasli,0.5403,0.0322,0
1307,klasik_maasli,1.15,0.0065,0
1308,stajyer_degisken_gelir,-0.098,0.0821,1
1309,klasik_maasli,-0.6085,0.2774,0
1310,stajyer_degisken_gelir,-1.0916,0.3462,0
1311,dusuk_hacim_riskli,-0.2413,0.0911,0
1312,stajyer_degisken_gelir,-0.5686,0.2916,0
1313,stajyer_degisken_gelir,0.1571,0.0371,0
1314,klasik_maasli,-0.8533,0.2704,0
1315,ogrenci_yuksek_hacim,0.5006,0.0227,0
1316,ogrenci_yuksek_hacim,-0.1069,0.1098,1
1317,ogrenci_yuksek_hacim,-0.3389,0.0923,0
1318,klasik_maasli,0.5471,0.0358,0
1319,ogrenci_yuksek_hacim,1.0736,0.0033,0
1320,stajyer_degisken_gelir,1.1825,0.0077,0
1321,klasik_maasli,1.6766,0.001,0
1322,stajyer_degisken_gelir,-0.4556,0.1535,0
1323,ogrenci_yuksek_hacim,0.4223,0.0304,0
1324,stajyer_degisken_gelir,-1.27,0.3393,0
1325,stajyer_degisken_gelir,-0.1368,0.0348,0
1326,klasik_maasli,-0.056,0.0613,0
1327,klasik_maasli,-0.2898,0.1855,0
1328,klasik_maasli,0.8939,0.0055,0
1329,stajyer_degisken_gelir,-0.1849,0.2214,0
1330,ogrenci_yuksek_hacim,0.9316,0.0166,0
1331,ogrenci_yuksek_hacim,-1.8034,0.8723,1
1332,klasik_maasli,0.0029,0.0407,0
1333,klasik_maasli,0.0567,0.0305,0
1334,stajyer_degisken_gelir,0.2867,0.0464,0
1335,klasik_maasli,-0.7135,0.288,1
1336,stajyer_degisken_gelir,0.4396,0.0207,0
1337,stajyer_degisken_gelir,-0.6294,0.1677,0
1338,ogrenci_yuksek_hacim,-0.8442,0.1997,0
1339,stajyer_degisken_gelir,0.2288,0.0166,0
1340,stajyer_degisken_gelir,-1.2247,0.4448,0
1341,ogrenci_yuksek_hacim,-1.1494,0.6796,1
1342,ogrenci_yuksek_hacim,0.2381,0.0223,0
1343,dusuk_hacim_riskli,0.5203,0.0162,0
1344,stajyer_degisken_gelir,-0.7997,0.219,1
1345,ogrenci_yuksek_hacim,-0.8191,0.5527,0
1346,ogrenci_yuksek_hacim,-1.0558,0.4487,0
1347,klasik_maasli,0.5665,0.0191,0
1348,stajyer_degisken_gelir,-0.9836,0.4199,0
1349,klasik_maasli,0.3283,0.0247,0
1350,stajyer_degisken_gelir,-0.0697,0.0546,0
1351,ogrenci_yuksek_hacim,-0.1104,0.0341,0
1352,klasik_maasli,-1.6566,0.6085,0
1353,ogrenci_yuksek_hacim,-1.3357,0.3128,0
1354,ogrenci_yuksek_hacim,-0.1543,0.0966,0
1355,klasik_maasli,0.4526,0.0503,0
1356,dusuk_hacim_riskli,0.1041,0.1295,0
1357,stajyer_degisken_gelir,0.345,0.0365,0
1358,stajyer_degisken_gelir,0.9296,0.0134,0
1359,klasik_maasli,-1.1157,0.3806,1
1360,klasik_maasli,0.6735,0.0159,0
1361,klasik_maasli,0.2597,0.0461,0
1362,ogrenci_yuksek_hacim,-0.9994,0.5814,1
1363,klasik_maasli,0.5493,0.0143,0
1364,stajyer_degisken_gelir,-0.0393,0.0649,0
1365,stajyer_degisken_gelir,-0.1714,0.0562,0
1366,klasik_maasli,0.2972,0.0566,0
1367,dusuk_hacim_riskli,-0.5453,0.1752,0
1368,ogrenci_yuksek_hacim,-1.4276,0.5546,1
1369,dusuk_hacim_riskli,-2.8348,0.9934,1
1370,klasik_maasli,0.7231,0.0078,0
1371,ogrenci_yuksek_hacim,-0.7986,0.4667,1
1372,stajyer_degisken_gelir,-0.4776,0.2802,0
1373,klasik_maasli,-0.6596,0.2702,1
1374,klasik_maasli,-0.4916,0.1894,0
1375,klasik_maasli,-1.1015,0.3571,1
1376,klasik_maasli,0.3456,0.009,0
1377,stajyer_degisken_gelir,-0.2575,0.1447,0
1378,klasik_maasli,0.5959,0.0067,0
1379,ogrenci_yuksek_hacim,-1.1734,0.5927,0
1380,stajyer_degisken_gelir,-0.3891,0.1087,0
1381,stajyer_degisken_gelir,-0.9897,0.6888,0
1382,klasik_maasli,0.9529,0.0051,0
1383,klasik_maasli,0.8299,0.0149,0
1384,klasik_maasli,0.504,0.0302,0
1385,dusuk_hacim_riskli,1.2627,0.0015,0
1386,dusuk_hacim_riskli,-1.3681,0.7359,1
1387,klasik_maasli,-0.239,0.0943,0
1388,dusuk_hacim_riskli,-0.0666,0.0875,0
1389,stajyer_degisken_gelir,-0.7638,0.4377,0
1390,dusuk_hacim_riskli,-1.6377,0.7951,1
1391,ogrenci_yuksek_hacim,-0.3464,0.1443,0
1392,dusuk_hacim_riskli,-2.3041,0.9292,1
1393,dusuk_hacim_riskli,0.0523,0.0737,0
1394,dusuk_hacim_riskli,0.0439,0.0326,0
1395,dusuk_hacim_riskli,-0.2576,0.125,0
1396,stajyer_degisken_gelir,0.0244,0.0324,0
1397,ogrenci_yuksek_hacim,0.528,0.0123,0
1398,ogrenci_yuksek_hacim,-1.5084,0.6081,1
1399,klasik_maasli,0.6763,0.0064,0
1400,ogrenci_yuksek_hacim,1.6917,0.0006,0
1401,stajyer_degisken_gelir,0.4851,0.0125,0
1402,ogrenci_yuksek_hacim,-0.4074,0.2842,0
1403,klasik_maasli,-0.9636,0.2752,0
1404,ogrenci_yuksek_hacim,0.6588,0.0302,0
1405,dusuk_hacim_riskli,-0.3011,0.2408,0
1406,ogrenci_yuksek_hacim,-0.5492,0.149,0
1407,stajyer_degisken_gelir,1.0739,0.0017,0
1408,stajyer_degisken_gelir,-1.3312,0.5608,0
1409,dusuk_hacim_riskli,-1.0151,0.4668,0
1410,klasik_maasli,-0.6855,0.1668,0
1411,stajyer_degisken_gelir,-0.3911,0.1167,0
1412,klasik_maasli,0.8964,0.0046,0
1413,klasik_maasli,-1.185,0.6232,1
1414,ogrenci_yuksek_hacim,0.379,0.0302,0
1415,ogrenci_yuksek_hacim,0.5899,0.009,0
1416,klasik_maasli,0.1351,0.0966,0
1417,klasik_maasli,-0.2098,0.0776,0
1418,ogrenci_yuksek_hacim,-1.6307,0.6935,1
1419,ogrenci_yuksek_hacim,0.1366,0.0398,0
1420,ogrenci_yuksek_hacim,-1.4859,0.5849,1
1421,ogrenci_yuksek_hacim,1.6165,0.0006,0
1422,klasik_maasli,0.3428,0.0517,0
1423,klasik_maasli,-2.0954,0.948,1
1424,dusuk_hacim_riskli,-0.2848,0.1039,0
1425,dusuk_hacim_riskli,0.1667,0.0396,0
1426,klasik_maasli,0.2295,0.063,0
1427,klasik_maasli,-0.9775,0.5666,1
1428,klasik_maasli,1.7899,0.002,0
1429,klasik_maasli,-0.276,0.1693,0
1430,ogrenci_yuksek_hacim,0.3625,0.058,0
1431,stajyer_degisken_gelir,-0.1969,0.0569,0
1432,klasik_maasli,0.4104,0.0148,0
1433,stajyer_degisken_gelir,0.8776,0.0051,0
1434,stajyer_degisken_gelir,-0.095,0.0331,0
1435,stajyer_degisken_gelir,0.4522,0.0264,0
1436,stajyer_degisken_gelir,-0.6415,0.252,0
1437,klasik_maasli,-0.244,0.0737,0
1438,stajyer_degisken_gelir,1.172,0.0082,0
1439,klasik_maasli,-0.6275,0.2232,0
1440,dusuk_hacim_riskli,0.1465,0.0162,0
1441,stajyer_degisken_gelir,0.335,0.0869,0
1442,ogrenci_yuksek_hacim,-1.397,0.6135,1
1443,stajyer_degisken_gelir,0.5903,0.0133,0
1444,stajyer_degisken_gelir,-0.1342,0.073,0
1445,stajyer_degisken_gelir,0.7738,0.0092,0
1446,dusuk_hacim_riskli,0.2292,0.0462,0
1447,klasik_maasli,-0.3358,0.1079,0
1448,klasik_maasli,0.1583,0.0296,0
1449,ogrenci_yuksek_hacim,2.8325,0.0001,0
1450,stajyer_degisken_gelir,1.0583,0.0035,0
1451,stajyer_degisken_gelir,-1.9304,0.9196,1
1452,klasik_maasli,-1.446,0.6973,1
1453,dusuk_hacim_riskli,-0.721,0.2154,0
1454,klasik_maasli,0.4207,0.025,0
1455,klasik_maasli,-1.5815,0.8119,1
1456,ogrenci_yuksek_hacim,-0.004,0.0716,0
1457,ogrenci_yuksek_hacim,-0.5674,0.2242,0
1458,ogrenci_yuksek_hacim,-0.2408,0.1965,0
1459,ogrenci_yuksek_hacim,-0.4939,0.2757,0
1460,ogrenci_yuksek_hacim,-0.332,0.1478,0
1461,stajyer_degisken_gelir,0.1469,0.0229,0
1462,stajyer_degisken_gelir,-2.0486,0.923,1
1463,dusuk_hacim_riskli,1.2093,0.0027,0
1464,klasik_maasli,-0.0963,0.0425,1
1465,stajyer_degisken_gelir,-1.1143,0.3036,0
1466,ogrenci_yuksek_hacim,0.2077,0.0567,0
1467,klasik_maasli,-0.9568,0.4151,1
1468,ogrenci_yuksek_hacim,-1.0829,0.348,0
1469,ogrenci_yuksek_hacim,-0.0823,0.0875,0
1470,stajyer_degisken_gelir,-0.2578,0.3901,1
1471,dusuk_hacim_riskli,0.0663,0.0383,0
1472,stajyer_degisken_gelir,-1.7203,0.9028,1
1473,ogrenci_yuksek_hacim,-0.4734,0.235,0
1474,stajyer_degisken_gelir,0.2053,0.0805,0
1475,ogrenci_yuksek_hacim,0.663,0.01,0
1476,klasik_maasli,0.5199,0.0177,0
1477,stajyer_degisken_gelir,-0.992,0.4118,0
1478,stajyer_degisken_gelir,1.1595,0.0054,0
1479,ogrenci_yuksek_hacim,0.1026,0.0509,0
1480,ogrenci_yuksek_hacim,-0.1901,0.0914,0
1481,dusuk_hacim_riskli,1.4349,0.0032,0
1482,ogrenci_yuksek_hacim,0.1155,0.0253,0
1483,klasik_maasli,-1.6092,0.6166,1
1484,dusuk_hacim_riskli,-0.5047,0.1469,0
1485,ogrenci_yuksek_hacim,-0.9007,0.5266,0
1486,ogrenci_yuksek_hacim,0.2236,0.0504,0
1487,ogrenci_yuksek_hacim,1.3104,0.0017,0
1488,klasik_maasli,-0.2447,0.1733,0
1489,stajyer_degisken_gelir,1.9081,0.0006,0
1490,klasik_maasli,-0.5762,0.2444,0
1491,dusuk_hacim_riskli,0.6686,0.0116,0
1492,dusuk_hacim_riskli,1.839,0.0007,0
1493,ogrenci_yuksek_hacim,-0.1117,0.0581,0
1494,ogrenci_yuksek_hacim,-0.5689,0.3152,1
1495,dusuk_hacim_riskli,0.4127,0.0248,0
1496,stajyer_degisken_gelir,-1.4302,0.6418,1
1497,klasik_maasli,0.6404,0.008,0
1498,klasik_maasli,-1.1058,0.572,1
1499,klasik_maasli,-0.3998,0.1699,0
1500,ogrenci_yuksek_hacim,1.9308,0.0011,0
1501,ogrenci_yuksek_hacim,0.2085,0.0199,0
1502,stajyer_degisken_gelir,0.2392,0.0295,0
1503,stajyer_degisken_gelir,-0.8717,0.2497,1
1504,stajyer_degisken_gelir,0.3908,0.0159,0
1505,dusuk_hacim_riskli,0.0957,0.0376,0
1506,ogrenci_yuksek_hacim,-0.3639,0.128,0
1507,ogrenci_yuksek_hacim,-0.1098,0.1761,0
1508,klasik_maasli,0.8538,0.0105,0
1509,klasik_maasli,1.1001,0.0034,0
1510,stajyer_degisken_gelir,1.1461,0.0029,0
1511,ogrenci_yuksek_hacim,0.3682,0.02,0
1512,klasik_maasli,0.2884,0.0601,0
1513,stajyer_degisken_gelir,-0.4567,0.275,0
1514,klasik_maasli,0.6002,0.0258,0
1515,ogrenci_yuksek_hacim,-0.4534,0.1833,0
1516,dusuk_hacim_riskli,-0.1865,0.1706,0
1517,klasik_maasli,0.8492,0.0088,0
1518,klasik_maasli,-1.6227,0.7822,1
1519,ogrenci_yuksek_hacim,0.6604,0.0134,0
1520,klasik_maasli,-0.3261,0.0748,0
1521,ogrenci_yuksek_hacim,0.4674,0.015,0
1522,ogrenci_yuksek_hacim,0.481,0.0173,0
1523,stajyer_degisken_gelir,0.2061,0.0807,0
1524,stajyer_degisken_gelir,-0.1736,0.0848,0
1525,stajyer_degisken_gelir,1.1512,0.0014,0
1526,klasik_maasli,0.3251,0.0721,0
1527,stajyer_degisken_gelir,0.0578,0.0426,0
1528,klasik_maasli,-1.3779,0.8366,1
1529,klasik_maasli,0.0047,0.0578,0
1530,ogrenci_yuksek_hacim,0.0626,0.0647,1
1531,ogrenci_yuksek_hacim,-1.0421,0.252,0
1532,klasik_maasli,-0.1899,0.0636,1
1533,stajyer_degisken_gelir,-1.0447,0.5572,0
1534,ogrenci_yuksek_hacim,-0.1513,0.0749,0
1535,dusuk_hacim_riskli,1.5784,0.0012,0
1536,stajyer_degisken_gelir,0.513,0.0269,0
1537,klasik_maasli,-1.5642,0.575,1
1538,klasik_maasli,-0.4849,0.2531,0
1539,klasik_maasli,0.9824,0.0055,0
1540,dusuk_hacim_riskli,1.5753,0.0026,0
1541,klasik_maasli,-1.9167,0.855,1
1542,ogrenci_yuksek_hacim,1.13,0.0131,0
1543,klasik_maasli,-0.2878,0.3245,1
1544,klasik_maasli,1.1524,0.0016,0
1545,stajyer_degisken_gelir,0.4737,0.0209,0
1546,ogrenci_yuksek_hacim,-0.0955,0.1339,0
1547,stajyer_degisken_gelir,0.7584,0.0151,0
1548,dusuk_hacim_riskli,1.5578,0.0018,0
1549,klasik_maasli,-1.3218,0.7106,1
1550,dusuk_hacim_riskli,0.4028,0.0175,0
1551,stajyer_degisken_gelir,0.5092,0.0161,0
1552,klasik_maasli,0.0234,0.0679,0
1553,dusuk_hacim_riskli,-0.0538,0.0872,0
1554,dusuk_hacim_riskli,1.3744,0.0023,0
1555,ogrenci_yuksek_hacim,-1.0707,0.4828,0
1556,stajyer_degisken_gelir,0.4409,0.0181,0
1557,klasik_maasli,-2.3606,0.9609,1
1558,dusuk_hacim_riskli,0.117,0.0317,0
1559,ogrenci_yuksek_hacim,1.3628,0.0046,0
1560,dusuk_hacim_riskli,-0.3747,0.0785,0
1561,dusuk_hacim_riskli,-0.5508,0.0723,0
1562,ogrenci_yuksek_hacim,-1.0378,0.5516,1
1563,ogrenci_yuksek_hacim,-0.9005,0.1925,0
1564,ogrenci_yuksek_hacim,0.8012,0.0069,0
1565,stajyer_degisken_gelir,-0.0753,0.0541,0
1566,stajyer_degisken_gelir,-1.2026,0.4094,1
1567,stajyer_degisken_gelir,-0.8772,0.3672,0
1568,ogrenci_yuksek_hacim,-0.1076,0.1043,0
1569,ogrenci_yuksek_hacim,-0.498,0.3286,0
1570,dusuk_hacim_riskli,0.0104,0.0332,0
1571,klasik_maasli,0.0895,0.058,0
1572,ogrenci_yuksek_hacim,0.7576,0.0468,0
1573,ogrenci_yuksek_hacim,-1.1725,0.5588,1
1574,stajyer_degisken_gelir,-0.1342,0.099,0
1575,ogrenci_yuksek_hacim,-0.0514,0.052,0
1576,stajyer_degisken_gelir,0.7531,0.0068,0
1577,dusuk_hacim_riskli,-0.7417,0.2872,0
1578,ogrenci_yuksek_hacim,0.0118,0.0685,0
1579,stajyer_degisken_gelir,-0.7106,0.2576,1
1580,klasik_maasli,-0.2229,0.0507,0
1581,klasik_maasli,-0.6713,0.1638,0
1582,stajyer_degisken_gelir,0.2474,0.0126,0
1583,ogrenci_yuksek_hacim,-0.3603,0.1091,0
1584,dusuk_hacim_riskli,2.1655,0.0003,0
1585,ogrenci_yuksek_hacim,1.1204,0.0059,0
1586,stajyer_degisken_gelir,-0.8247,0.396,0
1587,klasik_maasli,0.4289,0.0273,0
1588,klasik_maasli,0.4921,0.0422,0
1589,ogrenci_yuksek_hacim,0.6329,0.0197,0
1590,stajyer_degisken_gelir,0.3503,0.0294,0
1591,ogrenci_yuksek_hacim,0.4045,0.0375,0
1592,ogrenci_yuksek_hacim,0.12,0.0274,0
1593,ogrenci_yuksek_hacim,0.9746,0.0071,0
1594,stajyer_degisken_gelir,-1.6203,0.8305,1
1595,klasik_maasli,0.3747,0.0211,0
1596,klasik_maasli,0.739,0.0089,0
1597,stajyer_degisken_gelir,-1.1091,0.3371,0
1598,dusuk_hacim_riskli,-0.1617,0.1068,0
1599,stajyer_degisken_gelir,-2.7123,0.9777,1
1600,klasik_maasli,-0.4874,0.1111,0
1601,klasik_maasli,0.4911,0.0118,0
1602,stajyer_degisken_gelir,-0.0181,0.0396,0
1603,klasik_maasli,1.4046,0.0048,0
1604,stajyer_degisken_gelir,0.8687,0.0027,0
1605,stajyer_degisken_gelir,0.536,0.0171,0
1606,stajyer_degisken_gelir,-1.0092,0.3287,1
1607,ogrenci_yuksek_hacim,-0.5494,0.1806,0
1608,stajyer_degisken_gelir,0.2739,0.0212,0
1609,ogrenci_yuksek_hacim,-0.3927,0.1192,0
1610,ogrenci_yuksek_hacim,-0.7639,0.2805,0
1611,ogrenci_yuksek_hacim,-0.1625,0.0409,0
1612,klasik_maasli,-0.4344,0.1376,0
1613,stajyer_degisken_gelir,0.0716,0.1074,0
1614,stajyer_degisken_gelir,-0.4469,0.0552,0
1615,klasik_maasli,0.7804,0.0123,0
1616,klasik_maasli,-0.5645,0.3266,1
1617,klasik_maasli,-1.3866,0.6347,1
1618,stajyer_degisken_gelir,-1.3928,0.5518,0
1619,ogrenci_yuksek_hacim,1.9981,0.0009,0
1620,stajyer_degisken_gelir,-1.0548,0.4306,0
1621,ogrenci_yuksek_hacim,-0.4426,0.1666,0
1622,ogrenci_yuksek_hacim,0.3348,0.01,0
1623,ogrenci_yuksek_hacim,0.9827,0.0085,0
1624,klasik_maasli,-1.6064,0.7387,0
1625,dusuk_hacim_riskli,1.2692,0.0057,0
1626,ogrenci_yuksek_hacim,0.5125,0.0221,1
1627,dusuk_hacim_riskli,-0.0644,0.0969,0
1628,klasik_maasli,-0.0586,0.0831,0
1629,ogrenci_yuksek_hacim,-1.1479,0.7179,1
1630,klasik_maasli,-0.251,0.0818,0
1631,klasik_maasli,1.9161,0.0006,0
1632,dusuk_hacim_riskli,0.3481,0.0204,0
1633,ogrenci_yuksek_hacim,0.2887,0.0304,0
1634,ogrenci_yuksek_hacim,-0.7917,0.5444,0
1635,stajyer_degisken_gelir,0.5329,0.0106,0
1636,klasik_maasli,0.208,0.0621,0
1637,stajyer_degisken_gelir,1.4687,0.0011,0
1638,dusuk_hacim_riskli,-0.1435,0.0783,0
1639,klasik_maasli,-0.3139,0.1458,0
1640,dusuk_hacim_riskli,-0.1863,0.0452,0
1641,ogrenci_yuksek_hacim,-0.9933,0.2931,0
1642,dusuk_hacim_riskli,0.2027,0.0429,0
1643,klasik_maasli,0.5295,0.0154,0
1644,dusuk_hacim_riskli,0.1426,0.0229,0
1645,stajyer_degisken_gelir,0.1172,0.0478,0
1646,klasik_maasli,-1.1197,0.4624,0
1647,klasik_maasli,-0.3854,0.0742,0
1648,dusuk_hacim_riskli,0.2315,0.0475,0
1649,ogrenci_yuksek_hacim,-1.2883,0.4789,0
1650,stajyer_degisken_gelir,0.7217,0.0088,0
1651,stajyer_degisken_gelir,1.2436,0.0051,0
1652,dusuk_hacim_riskli,0.3658,0.0386,0
1653,stajyer_degisken_gelir,0.3925,0.0814,0
1654,stajyer_degisken_gelir,-0.9094,0.4857,1
1655,stajyer_degisken_gelir,-0.3935,0.071,1
1656,dusuk_hacim_riskli,-0.3244,0.0782,0
1657,klasik_maasli,-0.2206,0.1494,0
1658,klasik_maasli,-1.031,0.5601,1
1659,stajyer_degisken_gelir,-0.5123,0.1145,0
1660,stajyer_degisken_gelir,-0.905,0.3398,0
1661,ogrenci_yuksek_hacim,-0.4009,0.2135,0
1662,dusuk_hacim_riskli,0.6073,0.0065,0
1663,ogrenci_yuksek_hacim,-0.4584,0.0733,0
1664,klasik_maasli,1.3853,0.0033,0
1665,ogrenci_yuksek_hacim,-0.9911,0.5094,1
1666,ogrenci_yuksek_hacim,1.4808,0.0015,0
1667,stajyer_degisken_gelir,-1.7457,0.8771,0
1668,ogrenci_yuksek_hacim,0.0215,0.0971,0
1669,ogrenci_yuksek_hacim,0.6479,0.0217,0
1670,stajyer_degisken_gelir,-1.5786,0.686,1
1671,ogrenci_yuksek_hacim,-0.5708,0.2629,0
1672,dusuk_hacim_riskli,0.3441,0.0154,0
1673,dusuk_hacim_riskli,-0.4267,0.1334,0
1674,klasik_maasli,1.032,0.0125,0
1675,klasik_maasli,-1.7532,0.7963,1
1676,dusuk_hacim_riskli,-0.3935,0.1697,0
1677,ogrenci_yuksek_hacim,0.2302,0.0419,0
1678,klasik_maasli,0.0021,0.0833,0
1679,ogrenci_yuksek_hacim,-2.1964,0.9665,1
1680,ogrenci_yuksek_hacim,1.9484,0.0012,0
1681,klasik_maasli,-0.9452,0.521,0
1682,klasik_maasli,-2.5171,0.9783,1
1683,klasik_maasli,-0.179,0.0492,0
1684,dusuk_hacim_riskli,1.2773,0.0047,0
1685,dusuk_hacim_riskli,0.6871,0.0069,0
1686,dusuk_hacim_riskli,-0.2102,0.1167,1
1687,stajyer_degisken_gelir,-0.2882,0.1238,1
1688,ogrenci_yuksek_hacim,1.2227,0.0064,0
1689,ogrenci_yuksek_hacim,-1.2349,0.6461,1
1690,stajyer_degisken_gelir,-0.797,0.3295,1
1691,dusuk_hacim_riskli,1.4502,0.0014,0
1692,klasik_maasli,-0.4494,0.1985,0
1693,dusuk_hacim_riskli,0.2356,0.0958,1
1694,ogrenci_yuksek_hacim,-1.0334,0.2102,0
1695,stajyer_degisken_gelir,-0.0241,0.1372,0
1696,dusuk_hacim_riskli,0.2231,0.0252,0
1697,dusuk_hacim_riskli,-0.4879,0.134,0
1698,klasik_maasli,-0.1188,0.1245,0
1699,ogrenci_yuksek_hacim,0.3401,0.0414,0
1700,klasik_maasli,-2.7554,0.9543,1
1701,klasik_maasli,-1.311,0.5447,0
1702,ogrenci_yuksek_hacim,-1.0864,0.3717,1
1703,ogrenci_yuksek_hacim,0.2965,0.0161,0
1704,ogrenci_yuksek_hacim,-1.111,0.5765,1
1705,klasik_maasli,-0.5734,0.3344,0
1706,stajyer_degisken_gelir,0.7994,0.015,0
1707,ogrenci_yuksek_hacim,1.1079,0.0059,0
1708,ogrenci_yuksek_hacim,0.9432,0.007,0
1709,klasik_maasli,0.4067,0.0347,0
1710,ogrenci_yuksek_hacim,-0.3702,0.229,1
1711,ogrenci_yuksek_hacim,0.3833,0.056,0
1712,klasik_maasli,0.8276,0.0178,0
1713,ogrenci_yuksek_hacim,-0.9797,0.4115,0
1714,ogrenci_yuksek_hacim,0.9024,0.0067,0
1715,klasik_maasli,-1.8964,0.7937,0
1716,klasik_maasli,0.145,0.0291,0
1717,stajyer_degisken_gelir,-0.6455,0.3672,0
1718,ogrenci_yuksek_hacim,0.9485,0.0062,0
1719,klasik_maasli,1.4734,0.0008,0
1720,stajyer_degisken_gelir,-0.3102,0.1613,0
1721,dusuk_hacim_riskli,0.1685,0.0322,0
1722,ogrenci_yuksek_hacim,0.6491,0.0154,0
1723,stajyer_degisken_gelir,0.2774,0.0324,0
1724,stajyer_degisken_gelir,1.0602,0.0054,0
1725,dusuk_hacim_riskli,-0.0116,0.103,0
1726,klasik_maasli,-1.5631,0.7079,1
1727,dusuk_hacim_riskli,0.2803,0.0429,0
1728,stajyer_degisken_gelir,-0.8991,0.2544,0
1729,stajyer_degisken_gelir,-0.8873,0.3646,1
1730,klasik_maasli,0.6478,0.0183,0
1731,ogrenci_yuksek_hacim,-0.4792,0.0489,0
1732,klasik_maasli,0.3705,0.0514,0
1733,ogrenci_yuksek_hacim,-0.3908,0.1003,0
1734,ogrenci_yuksek_hacim,-0.8006,0.7283,1
1735,klasik_maasli,0.4455,0.0311,0
1736,stajyer_degisken_gelir,-1.1732,0.4687,1
1737,ogrenci_yuksek_hacim,0.5388,0.0133,0
1738,klasik_maasli,2.2483,0.0002,0
1739,ogrenci_yuksek_hacim,0.8321,0.0085,0
1740,stajyer_degisken_gelir,0.2651,0.0182,0
1741,stajyer_degisken_gelir,-1.1334,0.5039,0
1742,ogrenci_yuksek_hacim,-0.0616,0.0801,0
1743,stajyer_degisken_gelir,-1.5564,0.7354,1
1744,stajyer_degisken_gelir,0.473,0.0081,0
1745,dusuk_hacim_riskli,-0.2702,0.1429,1
1746,ogrenci_yuksek_hacim,0.1588,0.0124,0
1747,ogrenci_yuksek_hacim,-0.2571,0.2505,0
1748,stajyer_degisken_gelir,1.0213,0.0094,0
1749,stajyer_degisken_gelir,-0.2511,0.0431,0
1750,stajyer_degisken_gelir,1.3027,0.0043,0
1751,klasik_maasli,-0.2036,0.1591,0
1752,dusuk_hacim_riskli,-0.0857,0.0521,0
1753,stajyer_degisken_gelir,-0.1599,0.0872,0
1754,ogrenci_yuksek_hacim,0.1325,0.0345,0
1755,klasik_maasli,-2.0872,0.8743,0
1756,ogrenci_yuksek_hacim,1.4467,0.0024,0
1757,klasik_maasli,1.8889,0.0005,0
1758,stajyer_degisken_gelir,0.7653,0.0095,0
1759,ogrenci_yuksek_hacim,0.2974,0.0383,0
1760,klasik_maasli,0.7621,0.0147,0
1761,stajyer_degisken_gelir,1.0001,0.0048,0
1762,stajyer_degisken_gelir,-0.2578,0.0901,0
1763,ogrenci_yuksek_hacim,-1.0237,0.5047,0
1764,ogrenci_yuksek_hacim,-0.694,0.3831,1
1765,klasik_maasli,-1.3908,0.6362,1
1766,klasik_maasli,1.6864,0.0017,0
1767,stajyer_degisken_gelir,-3.8304,0.9993,1
1768,klasik_maasli,-0.8428,0.1844,0
1769,stajyer_degisken_gelir,0.4874,0.0265,0
1770,stajyer_degisken_gelir,-0.6045,0.2818,1
1771,klasik_maasli,0.4927,0.0181,0
1772,stajyer_degisken_gelir,-1.6446,0.649,0
1773,stajyer_degisken_gelir,0.7788,0.0046,0
1774,dusuk_hacim_riskli,-0.0555,0.0864,0
1775,ogrenci_yuksek_hacim,0.8343,0.0309,0
1776,stajyer_degisken_gelir,0.7022,0.0073,0
1777,klasik_maasli,-0.9217,0.3767,0
1778,stajyer_degisken_gelir,-2.1135,0.8391,1
1779,dusuk_hacim_riskli,-0.2103,0.0811,0
1780,ogrenci_yuksek_hacim,-0.2454,0.1133,0
1781,klasik_maasli,-1.0209,0.296,0
1782,ogrenci_yuksek_hacim,0.1113,0.0712,0
1783,dusuk_hacim_riskli,-0.1996,0.1504,0
1784,ogrenci_yuksek_hacim,-0.7989,0.3319,0
1785,ogrenci_yuksek_hacim,0.1477,0.0429,0
1786,klasik_maasli,0.1638,0.0703,0
1787,stajyer_degisken_gelir,-2.0896,0.9145,1
1788,klasik_maasli,-1.5572,0.9092,0
1789,ogrenci_yuksek_hacim,0.0435,0.0748,0
1790,stajyer_degisken_gelir,-1.9352,0.905,1
1791,ogrenci_yuksek_hacim,-0.5395,0.2744,0
1792,ogrenci_yuksek_hacim,-1.7566,0.8894,1
1793,stajyer_degisken_gelir,0.012,0.0459,0
1794,ogrenci_yuksek_hacim,-0.5411,0.1628,1
1795,ogrenci_yuksek_hacim,0.1036,0.0285,0
1796,klasik_maasli,1.8291,0.0007,0
1797,klasik_maasli,0.6598,0.0193,0
1798,ogrenci_yuksek_hacim,-0.5391,0.0928,0
1799,klasik_maasli,-0.4926,0.1651,0
1800,ogrenci_yuksek_hacim,-0.053,0.0452,0
1801,klasik_maasli,-0.1545,0.1293,0
1802,dusuk_hacim_riskli,-1.0353,0.4022,0
1803,dusuk_hacim_riskli,-0.9004,0.1328,0
1804,dusuk_hacim_riskli,0.489,0.0081,0
1805,ogrenci_yuksek_hacim,-0.1725,0.1024,0
1806,klasik_maasli,-1.2354,0.4139,0
1807,klasik_maasli,1.7492,0.0019,0
1808,klasik_maasli,-0.3203,0.1205,0
1809,klasik_maasli,-0.2712,0.1837,0
1810,klasik_maasli,0.1228,0.0491,0
1811,ogrenci_yuksek_hacim,-2.0601,0.919,1
1812,klasik_maasli,-0.7646,0.3126,0
1813,ogrenci_yuksek_hacim,0.0694,0.0493,0
1814,stajyer_degisken_gelir,0.4124,0.009,0
1815,klasik_maasli,0.1567,0.0566,0
1816,dusuk_hacim_riskli,0.2092,0.04,0
1817,ogrenci_yuksek_hacim,1.1968,0.0021,0
1818,dusuk_hacim_riskli,-0.58,0.133,1
1819,ogrenci_yuksek_hacim,-1.428,0.6718,0
1820,ogrenci_yuksek_hacim,-0.4493,0.2251,1
1821,klasik_maasli,0.6886,0.0114,0
1822,stajyer_degisken_gelir,0.6333,0.007,0
1823,ogrenci_yuksek_hacim,0.1551,0.017,0
1824,stajyer_degisken_gelir,-2.5983,0.9857,1
1825,stajyer_degisken_gelir,-0.6175,0.1755,0
1826,ogrenci_yuksek_hacim,-0.3282,0.0646,0
1827,dusuk_hacim_riskli,0.0654,0.029,0
1828,ogrenci_yuksek_hacim,0.3725,0.0226,0
1829,ogrenci_yuksek_hacim,0.6015,0.0149,0
1830,ogrenci_yuksek_hacim,0.3863,0.0115,0
1831,ogrenci_yuksek_hacim,0.5583,0.0219,0
1832,stajyer_degisken_gelir,-1.181,0.4496,0
1833,stajyer_degisken_gelir,0.6633,0.0064,0
1834,dusuk_hacim_riskli,-0.8763,0.2893,1
1835,stajyer_degisken_gelir,-2.0783,0.9479,1
1836,klasik_maasli,0.2588,0.0378,0
1837,stajyer_degisken_gelir,0.5338,0.0035,0
1838,klasik_maasli,2.4777,0.0002,0
1839,stajyer_degisken_gelir,0.119,0.0264,0
1840,klasik_maasli,0.4109,0.0126,0
1841,dusuk_hacim_riskli,1.3985,0.0012,0
1842,ogrenci_yuksek_hacim,0.0705,0.0386,0
1843,klasik_maasli,-0.1437,0.1259,0
1844,klasik_maasli,-0.3152,0.1012,0
1845,dusuk_hacim_riskli,-0.9711,0.3477,0
1846,klasik_maasli,2.1317,0.0007,0
1847,ogrenci_yuksek_hacim,1.4205,0.0005,0
1848,stajyer_degisken_gelir,-0.014,0.0869,1
1849,stajyer_degisken_gelir,1.1317,0.0036,0
1850,klasik_maasli,-0.4637,0.1514,0
1851,ogrenci_yuksek_hacim,0.0962,0.0893,0
1852,ogrenci_yuksek_hacim,0.8121,0.0098,0
1853,klasik_maasli,-2.8885,0.9762,1
1854,ogrenci_yuksek_hacim,-0.4423,0.055,0
1855,dusuk_hacim_riskli,0.3221,0.0131,0
1856,klasik_maasli,1.1107,0.0058,0
1857,ogrenci_yuksek_hacim,0.1606,0.0457,0
1858,klasik_maasli,0.2444,0.02,0
1859,stajyer_degisken_gelir,-0.164,0.0427,0
1860,ogrenci_yuksek_hacim,-0.0493,0.2985,0
1861,klasik_maasli,-0.2055,0.1104,0
1862,dusuk_hacim_riskli,1.6184,0.0028,0
1863,klasik_maasli,-0.168,0.0991,0
1864,stajyer_degisken_gelir,-0.295,0.1039,0
1865,klasik_maasli,0.0403,0.057,0
1866,klasik_maasli,2.479,0.0002,0
1867,klasik_maasli,-0.1077,0.0527,0
1868,stajyer_degisken_gelir,-1.3786,0.8053,1
1869,ogrenci_yuksek_hacim,2.2751,0.0005,0
1870,ogrenci_yuksek_hacim,-1.1746,0.5311,0
1871,ogrenci_yuksek_hacim,2.0038,0.0006,0
1872,dusuk_hacim_riskli,0.1194,0.063,0
1873,ogrenci_yuksek_hacim,0.7174,0.0193,0
1874,klasik_maasli,-0.5074,0.1466,0
1875,dusuk_hacim_riskli,-0.2617,0.1936,1
1876,stajyer_degisken_gelir,0.1341,0.0487,0
1877,klasik_maasli,-1.3763,0.5273,0
1878,ogrenci_yuksek_hacim,-1.7874,0.6775,1
1879,stajyer_degisken_gelir,1.2863,0.0052,0
1880,ogrenci_yuksek_hacim,1.2254,0.0047,0
1881,stajyer_degisken_gelir,-0.5257,0.2773,1
1882,klasik_maasli,-2.1202,0.8886,1
1883,stajyer_degisken_gelir,-0.8276,0.4553,1
1884,ogrenci_yuksek_hacim,-2.2922,0.9368,1
1885,dusuk_hacim_riskli,0.3564,0.0205,0
1886,ogrenci_yuksek_hacim,0.0359,0.093,0
1887,ogrenci_yuksek_hacim,-0.765,0.3923,0
1888,stajyer_degisken_gelir,0.3964,0.0167,0
1889,ogrenci_yuksek_hacim,-1.1403,0.3815,0
1890,stajyer_degisken_gelir,0.833,0.0094,0
1891,stajyer_degisken_gelir,0.1814,0.0163,0
1892,klasik_maasli,0.119,0.0634,0
1893,ogrenci_yuksek_hacim,-0.2259,0.1291,0
1894,ogrenci_yuksek_hacim,1.3741,0.003,0
1895,stajyer_degisken_gelir,-1.5613,0.7242,1
1896,klasik_maasli,-0.9312,0.71,1
1897,dusuk_hacim_riskli,-0.264,0.1752,0
1898,dusuk_hacim_riskli,-0.9322,0.2564,0
1899,ogrenci_yuksek_hacim,-0.0578,0.043,0
1900,klasik_maasli,0.426,0.0169,0
1901,stajyer_degisken_gelir,0.8502,0.004,0
1902,stajyer_degisken_gelir,-0.6147,0.2719,0
1903,ogrenci_yuksek_hacim,0.2615,0.0287,0
1904,stajyer_degisken_gelir,-0.7165,0.3371,1
1905,stajyer_degisken_gelir,0.8635,0.0103,0
1906,klasik_maasli,0.0878,0.0273,0
1907,stajyer_degisken_gelir,1.5957,0.0016,0
1908,stajyer_degisken_gelir,0.3323,0.0185,0
1909,klasik_maasli,1.1133,0.0037,0
1910,stajyer_degisken_gelir,0.3818,0.0248,0
1911,ogrenci_yuksek_hacim,0.7068,0.0061,0
1912,klasik_maasli,-2.263,0.917,1
1913,dusuk_hacim_riskli,1.2667,0.0022,0
1914,stajyer_degisken_gelir,-0.1526,0.0729,0
1915,klasik_maasli,-0.3793,0.0825,0
1916,klasik_maasli,0.0917,0.0421,0
1917,stajyer_degisken_gelir,0.1564,0.0412,0
1918,klasik_maasli,0.2043,0.0349,0
1919,ogrenci_yuksek_hacim,-0.6362,0.3072,0
1920,ogrenci_yuksek_hacim,0.4205,0.0457,1
1921,klasik_maasli,-0.8206,0.3087,0
1922,klasik_maasli,0.5995,0.0139,0
1923,dusuk_hacim_riskli,-1.325,0.7589,1
1924,ogrenci_yuksek_hacim,1.3525,0.0029,0
1925,klasik_maasli,0.3615,0.0356,0
1926,stajyer_degisken_gelir,-2.1503,0.9396,1
1927,dusuk_hacim_riskli,-0.1095,0.1449,0
1928,klasik_maasli,-0.2646,0.0678,0
1929,ogrenci_yuksek_hacim,0.2692,0.045,0
1930,ogrenci_yuksek_hacim,-1.8781,0.8809,1
1931,stajyer_degisken_gelir,1.3611,0.0021,0
1932,stajyer_degisken_gelir,-0.8849,0.2432,0
1933,ogrenci_yuksek_hacim,0.7254,0.015,0
1934,stajyer_degisken_gelir,0.0988,0.0935,0
1935,dusuk_hacim_riskli,0.0383,0.0404,0
1936,klasik_maasli,0.1908,0.0296,0
1937,dusuk_hacim_riskli,0.7783,0.0055,0
1938,stajyer_degisken_gelir,-1.0693,0.1871,0
1939,ogrenci_yuksek_hacim,1.0032,0.0034,0
1940,ogrenci_yuksek_hacim,-0.0588,0.1294,0
1941,dusuk_hacim_riskli,-0.6065,0.2308,1
1942,klasik_maasli,0.6274,0.0126,0
1943,klasik_maasli,0.3625,0.0163,0
1944,klasik_maasli,-1.2991,0.6208,1
1945,stajyer_degisken_gelir,0.2006,0.0355,0
1946,ogrenci_yuksek_hacim,-0.0032,0.0256,0
1947,stajyer_degisken_gelir,-1.1154,0.6302,0
1948,stajyer_degisken_gelir,0.2033,0.0214,0
1949,ogrenci_yuksek_hacim,-1.6949,0.8063,0
1950,stajyer_degisken_gelir,-0.3891,0.1867,0
1951,klasik_maasli,-0.6901,0.2509,0
1952,klasik_maasli,0.7227,0.0045,0
1953,klasik_maasli,-0.1864,0.1804,0
1954,stajyer_degisken_gelir,-0.6887,0.3694,1
1955,stajyer_degisken_gelir,0.1681,0.05,0
1956,klasik_maasli,0.9352,0.0149,0
1957,stajyer_degisken_gelir,1.0508,0.0052,0
1958,dusuk_hacim_riskli,2.0821,0.0009,0
1959,klasik_maasli,-0.6782,0.3228,1
1960,stajyer_degisken_gelir,-0.0386,0.0311,0
1961,klasik_maasli,-1.0772,0.4069,0
1962,dusuk_hacim_riskli,-1.1034,0.6412,1
1963,dusuk_hacim_riskli,-1.3088,0.389,0
1964,stajyer_degisken_gelir,0.9773,0.0065,0
1965,dusuk_hacim_riskli,-0.0926,0.0376,0
1966,klasik_maasli,-1.2378,0.7721,1
1967,ogrenci_yuksek_hacim,-0.372,0.1884,0
1968,ogrenci_yuksek_hacim,0.7637,0.0071,0
1969,ogrenci_yuksek_hacim,2.7349,0.0002,0
1970,klasik_maasli,0.9155,0.0088,0
1971,dusuk_hacim_riskli,-0.2011,0.1192,0
1972,klasik_maasli,-0.0271,0.0999,0
1973,klasik_maasli,0.5095,0.0126,0
1974,klasik_maasli,-0.1558,0.1325,1
1975,klasik_maasli,0.1144,0.0297,0
1976,ogrenci_yuksek_hacim,-1.0046,0.4255,0
1977,ogrenci_yuksek_hacim,0.6152,0.0121,0
1978,stajyer_degisken_gelir,-1.159,0.4166,0
1979,stajyer_degisken_gelir,0.9023,0.0081,0
1980,klasik_maasli,-0.4445,0.2793,0
1981,klasik_maasli,-0.4502,0.094,0
1982,ogrenci_yuksek_hacim,-1.1699,0.5142,0
1983,ogrenci_yuksek_hacim,-0.2845,0.2817,0
1984,stajyer_degisken_gelir,-0.4943,0.1959,0
1985,klasik_maasli,0.3857,0.0175,0
1986,ogrenci_yuksek_hacim,0.6051,0.0095,0
1987,klasik_maasli,-0.8294,0.3383,0
1988,ogrenci_yuksek_hacim,0.1916,0.0421,0
1989,ogrenci_yuksek_hacim,0.8675,0.0024,0
1990,stajyer_degisken_gelir,0.363,0.0353,0
1991,klasik_maasli,-2.1902,0.894,1
1992,klasik_maasli,-0.5126,0.2652,1
1993,dusuk_hacim_riskli,0.6369,0.0247,0
1994,stajyer_degisken_gelir,-0.374,0.0821,0
1995,klasik_maasli,0.0795,0.0202,0
1996,ogrenci_yuksek_hacim,1.0209,0.005,0
1997,ogrenci_yuksek_hacim,-0.4699,0.1491,1
1998,stajyer_degisken_gelir,-0.0031,0.0721,1
1999,ogrenci_yuksek_hacim,1.1708,0.0038,0
2000,ogrenci_yuksek_hacim,0.621,0.01,0
